filename, ArretBus, Attention-Passage-Pieton, AttentionEnfant, Ceder-le-Passage, Demi-Tour-Interdit, Demi-Tour-Obligatoire, Double-Sens, Limite-30, Limite-50, Limite-60, Panneau, Panneau-Stop, Passage-pieton, Sens-Interdit, Sens-Unique, SensGiratoire, SensObligatoire
images-4-_jpg.rf.e9df83ec5ba20185ff8dee06dfc630cc.jpg, 0, 0, 0, 1, 0, 0, 0, 0, 0, 0, 0, 0, 0, 0, 0, 0, 0
pedestrian_crossing-54_jpg.rf.f1ed94affe8e1d70b5a1b99e790c8e22.jpg, 0, 1, 0, 0, 0, 0, 0, 0, 0, 0, 0, 0, 0, 0, 0, 0, 0
20180322_144305_s_jpg.rf.e9fac1a89a27c59262a2d25b6dfe3d4d.jpg, 0, 0, 0, 0, 0, 0, 0, 0, 0, 0, 0, 1, 0, 0, 0, 0, 0
pedestrian_crossing-67_jpg.rf.eac8c8b0b838efa75b984df882cc379d.jpg, 0, 1, 0, 0, 0, 0, 0, 0, 0, 0, 0, 0, 0, 0, 0, 0, 0
2023-03-14-00-43-28_mp4-184_jpg.rf.ed06a408e8064765db39390c0509155e.jpg, 0, 0, 0, 1, 0, 0, 0, 0, 0, 0, 0, 0, 0, 0, 0, 0, 0
004_0019_png.rf.f518ee06f1b63ec0d32d0cd1b59932e4.jpg, 0, 0, 0, 0, 0, 0, 0, 0, 1, 0, 0, 0, 0, 0, 0, 0, 0
No-U-turn-to-the-left12_png.rf.f89e91018316dc2656163c7e040e12c4.jpg, 0, 0, 0, 0, 1, 0, 0, 0, 0, 0, 0, 0, 0, 0, 0, 0, 0
znak1211-_jpg.rf.f72bf551f7f19f4ee9ab957c330cb1da.jpg, 0, 0, 0, 0, 0, 0, 0, 0, 0, 1, 0, 0, 0, 0, 0, 0, 0
IMG_20240307_111012_jpg.rf.f4237241886c2dc83643514ffe8126e9.jpg, 0, 0, 0, 0, 0, 0, 0, 0, 0, 0, 0, 0, 0, 0, 1, 0, 0
IMG_20240307_110037_jpg.rf.ec0955e40e32e9f4c5575ebccc00dbd4.jpg, 0, 0, 0, 0, 0, 0, 0, 0, 0, 0, 0, 0, 1, 0, 0, 0, 0
004_0028_png.rf.ebeb975493d3f413f8382729ca059c17.jpg, 0, 0, 0, 0, 0, 0, 0, 0, 1, 0, 0, 0, 0, 0, 0, 0, 0
50SpeedLimit_54_png.rf.efb562f6d7e6624312ad9b7244738d64.jpg, 0, 0, 0, 0, 0, 0, 0, 0, 1, 0, 0, 0, 0, 0, 0, 0, 0
004_0002_png.rf.ed7c4617b1b007231b0aa9eb146725ac.jpg, 0, 0, 0, 0, 0, 0, 0, 0, 1, 0, 0, 0, 0, 0, 0, 0, 0
telecharge-4-_jpg.rf.eab3fee22e05360116990bff3d0c2bd1.jpg, 1, 0, 0, 0, 0, 0, 0, 0, 0, 0, 0, 0, 0, 0, 0, 0, 0
no_entry-21_jpg.rf.ee182daf6c1a3a76cd3d4c400907dc8d.jpg, 0, 0, 0, 0, 0, 0, 0, 0, 0, 0, 0, 0, 0, 1, 0, 0, 0
images-23-_jpg.rf.f05037338e7915276f95d408d88b73cc.jpg, 0, 0, 1, 0, 0, 0, 0, 0, 0, 0, 0, 0, 0, 0, 0, 0, 0
2023-03-14-00-43-28_mp4-225_jpg.rf.edd20cef6fe5a1596110e602e756935c.jpg, 0, 0, 0, 1, 0, 0, 0, 0, 0, 0, 0, 0, 0, 0, 0, 0, 0
znak0578-_jpg.rf.eadffb12086de7ab65c19ed4ca58c9da.jpg, 0, 0, 0, 0, 0, 0, 0, 0, 0, 1, 0, 0, 0, 0, 0, 0, 0
004_0029_png.rf.ec2f4a58876707e5df91a7c522916c90.jpg, 0, 0, 0, 0, 0, 0, 0, 0, 1, 0, 0, 0, 0, 0, 0, 0, 0
rotate_right_50SpeedLimit_86_png.rf.ebd1246b7e16d35e1d63d5fe77cc803f.jpg, 0, 0, 0, 0, 0, 0, 0, 0, 1, 0, 0, 0, 0, 0, 0, 0, 0
No-U-turn-to-the-left5_jpg.rf.ef9015aa56e6112b3ef609429514acc5.jpg, 0, 0, 0, 0, 1, 0, 0, 0, 0, 0, 0, 0, 0, 0, 0, 0, 0
speed_50-47650_JPG.rf.f54cb252d16b51f309b607f75223bc01.jpg, 0, 0, 0, 0, 0, 0, 0, 0, 1, 0, 0, 0, 0, 0, 0, 0, 0
2023-03-14-00-43-28_mp4-205_jpg.rf.f8fbf2cccfc73673f5390e3fecfb7434.jpg, 0, 0, 0, 1, 0, 0, 0, 0, 0, 0, 0, 0, 0, 0, 0, 0, 0
IMG_20240307_110032_jpg.rf.f06509776d156cfac3759d570cd2543a.jpg, 0, 0, 0, 0, 0, 0, 0, 0, 0, 0, 0, 0, 1, 0, 0, 0, 0
2023-03-14-09-45-48_mp4-48_jpg.rf.faaa2d3fbb51c20d3e7fd26ce0b22195.jpg, 0, 0, 0, 0, 1, 0, 0, 0, 0, 0, 0, 0, 0, 0, 0, 0, 0
no_entry-47_png.rf.f883af26421a38a27c1af1b21657cb3a.jpg, 0, 0, 0, 0, 0, 0, 0, 0, 0, 0, 0, 0, 0, 1, 0, 0, 0
2023-03-14-00-43-28_mp4-232_jpg.rf.fa5dc07764813f4d180d1f8daf4e09ea.jpg, 0, 0, 0, 1, 0, 0, 0, 0, 0, 0, 0, 0, 0, 0, 0, 0, 0
No-U-turn-to-the-left11_jpg.rf.fab8a2c3998787abf056fac829dd4e85.jpg, 0, 0, 0, 0, 1, 0, 0, 0, 0, 0, 0, 0, 0, 0, 0, 0, 0
2023-03-14-00-43-28_mp4-192_jpg.rf.fad492e349cb66af8ba02f8f0c042990.jpg, 0, 0, 0, 1, 0, 0, 0, 0, 0, 0, 0, 0, 0, 0, 0, 0, 0
znak0608-_jpg.rf.faba0c56366b97a19cf9073b9762a81e.jpg, 0, 0, 0, 0, 0, 0, 0, 0, 0, 1, 0, 0, 0, 0, 0, 0, 0
2023-03-14-09-45-48_mp4-36_jpg.rf.f98512cc19711c0a8eb57bbc90e03259.jpg, 0, 0, 0, 0, 1, 0, 0, 0, 0, 0, 0, 0, 0, 0, 0, 0, 0
znak0639-_jpg.rf.fce328d863948d0c121937e682f72b13.jpg, 0, 0, 0, 0, 0, 0, 0, 0, 0, 1, 0, 0, 0, 0, 0, 0, 0
50SpeedLimit_17_png.rf.f98331d4e08f2f90480e642d317c756c.jpg, 0, 0, 0, 0, 0, 0, 0, 0, 1, 0, 0, 0, 0, 0, 0, 0, 0
znak0591-_jpg.rf.ff4e9cfe477e50201592c0b604bdc760.jpg, 0, 0, 0, 0, 0, 0, 0, 0, 0, 1, 0, 0, 0, 0, 0, 0, 0
pedestrian_crossing-55_jpg.rf.fded86ebb4f68a1cf84f4d69fa4a0d86.jpg, 0, 1, 0, 0, 0, 0, 0, 0, 0, 0, 0, 0, 0, 0, 0, 0, 0
pedestrian_crossing-63_jpg.rf.fd7dbc5903a4a82ef58332c96dd981b0.jpg, 0, 1, 0, 0, 0, 0, 0, 0, 0, 0, 0, 0, 0, 0, 0, 0, 0
znak0599-_jpg.rf.6639d15b0f81ee23bf8ad18b601f2f16.jpg, 0, 0, 0, 0, 0, 0, 0, 0, 0, 1, 0, 0, 0, 0, 0, 0, 0
images-8-_jpg.rf.6606bc9c982c4c9820d75577a8109f87.jpg, 1, 0, 0, 0, 0, 0, 0, 0, 0, 0, 0, 0, 0, 0, 0, 0, 0
znak0636-_jpg.rf.6e59d1c1003ac1c281853c614c2327a4.jpg, 0, 0, 0, 0, 0, 0, 0, 0, 0, 1, 0, 0, 0, 0, 0, 0, 0
IMG_20240307_111017_jpg.rf.6b2101253f4c0da28af9ab194067c493.jpg, 0, 0, 0, 0, 0, 0, 0, 0, 0, 0, 1, 0, 0, 0, 0, 0, 0
004_0027_png.rf.68ad07439434cb1d82dd7d59078a88c9.jpg, 0, 0, 0, 0, 0, 0, 0, 0, 1, 0, 0, 0, 0, 0, 0, 0, 0
50SpeedLimit_41_png.rf.696eb10e86c9ec204199c152c066bb82.jpg, 0, 0, 0, 0, 0, 0, 0, 0, 1, 0, 0, 0, 0, 0, 0, 0, 0
znak0571-_jpg.rf.7022b2608f5678c8da7704bf5767f9ae.jpg, 0, 0, 0, 0, 0, 0, 0, 0, 0, 1, 0, 0, 0, 0, 0, 0, 0
2023-03-14-09-45-48_mp4-62_jpg.rf.6719b63e2784e27d2a04bd0e978a9d92.jpg, 0, 0, 0, 0, 1, 0, 0, 0, 0, 0, 0, 0, 0, 0, 0, 0, 0
50SpeedLimit_104_png.rf.680679dbbe4c4cec189e66b5ee419616.jpg, 0, 0, 0, 0, 0, 0, 0, 0, 1, 0, 0, 0, 0, 0, 0, 0, 0
no_entry-45_jpg.rf.6e024675fbac9cdb49af3d867b4bc6e0.jpg, 0, 0, 0, 0, 0, 0, 0, 0, 0, 0, 0, 0, 0, 1, 0, 0, 0
50SpeedLimit_83_png.rf.6fcd87ad32dcbae044a14809980f6634.jpg, 0, 0, 0, 0, 0, 0, 0, 0, 1, 0, 0, 0, 0, 0, 0, 0, 0
50SpeedLimit_99_png.rf.683eca40d7a27f0c9eeb3c96c8d5c435.jpg, 0, 0, 0, 0, 0, 0, 0, 0, 1, 0, 0, 0, 0, 0, 0, 0, 0
znak0581-_jpg.rf.6e11f1e41bf7c4fe50548b89762c5a00.jpg, 0, 0, 0, 0, 0, 0, 0, 0, 0, 1, 0, 0, 0, 0, 0, 0, 0
No-U-turn-to-the-right6_jpg.rf.6b19f4f24f5d0769e7e9c552edd7b590.jpg, 0, 0, 0, 0, 1, 0, 0, 0, 0, 0, 0, 0, 0, 0, 0, 0, 0
images-7-_jpg.rf.68e213493a15d7060a3df6dbd52b4c0b.jpg, 0, 0, 0, 1, 0, 0, 0, 0, 0, 0, 0, 0, 0, 0, 0, 0, 0
speed_50-46789_JPG.rf.6ea07b68d5433db8e8da110b398955e1.jpg, 0, 0, 0, 0, 0, 0, 0, 0, 1, 0, 0, 0, 0, 0, 0, 0, 0
IMG_20240307_110846_jpg.rf.6f35aac5a8d7587d05c61bb7109ae1fc.jpg, 0, 0, 0, 0, 0, 0, 0, 0, 0, 0, 1, 0, 0, 0, 0, 0, 0
50SpeedLimit_70_png.rf.68b45f04c790ead1d1a8fdb42d8852d1.jpg, 0, 0, 0, 0, 0, 0, 0, 0, 1, 0, 0, 0, 0, 0, 0, 0, 0
pedestrain_6_jpeg.rf.67ee3a4a391230a4eaf0ec58db0cd987.jpg, 0, 1, 0, 0, 0, 0, 0, 0, 0, 0, 0, 0, 0, 0, 0, 0, 0
speed_50-47566_JPG.rf.6aa2fde2677840ff6e2194afb381f3c9.jpg, 0, 0, 0, 0, 0, 0, 0, 0, 1, 0, 0, 0, 0, 0, 0, 0, 0
2023-03-14-09-45-48_mp4-35_jpg.rf.6af7bf3e9e72ef53a3f02a1edeaa8c89.jpg, 0, 0, 0, 0, 1, 0, 0, 0, 0, 0, 0, 0, 0, 0, 0, 0, 0
znak1230-_jpg.rf.664d207a8e2d04644408a760893c9f40.jpg, 0, 0, 0, 0, 0, 0, 0, 0, 0, 1, 0, 0, 0, 0, 0, 0, 0
50SpeedLimit_118_png.rf.6fe71f676f123658b81c58d40f41cdee.jpg, 0, 0, 0, 0, 0, 0, 0, 0, 1, 0, 0, 0, 0, 0, 0, 0, 0
speed_50-46726_JPG.rf.6b61e44032aa0b661b76796e1f5b624d.jpg, 0, 0, 0, 0, 0, 0, 0, 0, 1, 0, 0, 0, 0, 0, 0, 0, 0
IMG_20240307_110935_jpg.rf.6b7a756d2b60a088e70ae175576d4c53.jpg, 0, 0, 0, 0, 0, 0, 1, 0, 0, 0, 0, 0, 0, 0, 0, 0, 0
no_entry-17_jpg.rf.706b59ef434865e17b4c4e09af35fe69.jpg, 0, 0, 0, 0, 0, 0, 0, 0, 0, 0, 0, 0, 0, 1, 0, 0, 0
IMG_20240307_110654_jpg.rf.70feb70f88d6e1b019c1d980a55cadf1.jpg, 0, 0, 0, 0, 0, 0, 0, 0, 0, 0, 0, 1, 0, 0, 0, 0, 0
IMG_20240307_111134_jpg.rf.71838a5bb574179ab3625438ede47ef4.jpg, 0, 0, 0, 0, 0, 0, 0, 0, 0, 0, 0, 0, 0, 0, 1, 0, 0
znak0634-_jpg.rf.70253a30b866d035054fabf0617b00f0.jpg, 0, 0, 0, 0, 0, 0, 0, 0, 0, 1, 0, 0, 0, 0, 0, 0, 0
znak0648-_jpg.rf.73975dd0cb7e98db2389de3ff6b29bd5.jpg, 0, 0, 0, 0, 0, 0, 0, 0, 0, 1, 0, 0, 0, 0, 0, 0, 0
speed_50-46306_JPG.rf.72f6906a0ca4f575e407303adc432edf.jpg, 0, 0, 0, 0, 0, 0, 0, 0, 1, 0, 0, 0, 0, 0, 0, 0, 0
No-U-turn-to-the-left17_jpg.rf.71676bf43143e171c13807dc2d253998.jpg, 0, 0, 0, 0, 1, 0, 0, 0, 0, 0, 0, 0, 0, 0, 0, 0, 0
50SpeedLimit_88_png.rf.729b3ba805de8d4833779b08d2af6ab2.jpg, 0, 0, 0, 0, 0, 0, 0, 0, 1, 0, 0, 0, 0, 0, 0, 0, 0
IMG_20240307_110040_jpg.rf.74700a164eae7db0db25e399c9bac046.jpg, 0, 0, 0, 0, 0, 0, 0, 0, 0, 0, 0, 0, 1, 0, 0, 0, 0
images-1-_jpg.rf.76f9aaaebc3e6aacd2046d2afabd881e.jpg, 0, 0, 0, 1, 0, 0, 0, 0, 0, 0, 0, 0, 0, 0, 0, 0, 0
znak0574-_jpg.rf.76ab1c120349fdcd8e4263b4764bdadc.jpg, 0, 0, 0, 0, 0, 0, 0, 0, 0, 1, 0, 0, 0, 0, 0, 0, 0
pedestrian_crossing-44_png.rf.74f7d6b2d8cb6bbe2b40a72d1140e8bd.jpg, 0, 1, 0, 0, 0, 0, 0, 0, 0, 0, 0, 0, 0, 0, 0, 0, 0
2023-03-14-09-45-48_mp4-41_jpg.rf.77c377de3076af46c0c5287d6476d01b.jpg, 0, 0, 0, 0, 1, 0, 0, 0, 0, 0, 0, 0, 0, 0, 0, 0, 0
2023-03-14-09-45-48_mp4-49_jpg.rf.779aceb8fd6cdb24ae700a4a6b14a52a.jpg, 0, 0, 0, 0, 1, 0, 0, 0, 0, 0, 0, 0, 0, 0, 0, 0, 0
no_entry-40_jpg.rf.77b217670b7110f8e460b10b48908cf2.jpg, 0, 0, 0, 0, 0, 0, 0, 0, 0, 0, 0, 0, 0, 1, 0, 0, 0
2023-03-14-00-43-28_mp4-295_jpg.rf.772e8c19ba883f658ab0cc6d1676d001.jpg, 0, 0, 0, 1, 0, 0, 0, 0, 0, 0, 0, 0, 0, 0, 0, 0, 0
50SpeedLimit_27_png.rf.77c6f387e3c279e19fad18d784c22501.jpg, 0, 0, 0, 0, 0, 0, 0, 0, 1, 0, 0, 0, 0, 0, 0, 0, 0
no_entry-36_jpg.rf.7a38a7900ea95889fe1dd81c7231b258.jpg, 0, 0, 0, 0, 0, 0, 0, 0, 0, 0, 0, 0, 0, 1, 0, 0, 0
IMG_20240307_110901_jpg.rf.7a33c25256938413ac5416f3b4d54dd4.jpg, 0, 0, 0, 0, 0, 0, 1, 0, 0, 0, 0, 0, 0, 0, 0, 0, 0
znak0579-_jpg.rf.7ac70ac7bb70797b9125ffd4714f8ead.jpg, 0, 0, 0, 0, 0, 0, 0, 0, 0, 1, 0, 0, 0, 0, 0, 0, 0
IMG_20240307_110104_jpg.rf.7c3e738b14536f6d43ba3b50b3cbffa4.jpg, 0, 0, 0, 0, 0, 0, 0, 0, 0, 0, 0, 1, 0, 0, 0, 0, 0
speed_50-46558_JPG.rf.7a86408e95ee3f9f5f4cd3c406c63f8f.jpg, 0, 0, 0, 0, 0, 0, 0, 0, 1, 0, 0, 0, 0, 0, 0, 0, 0
telecharge-6-_png.rf.7c62a0bb0edbba256a1f75f8581d4298.jpg, 0, 0, 1, 0, 0, 0, 0, 0, 0, 0, 0, 0, 0, 0, 0, 0, 0
znak0618-_jpg.rf.7d82da90067743d02a342602664c73d9.jpg, 0, 0, 0, 0, 0, 0, 0, 0, 0, 1, 0, 0, 0, 0, 0, 0, 0
004_0026_png.rf.7e0fc020b93fba56f78095b34a7ca019.jpg, 0, 0, 0, 0, 0, 0, 0, 0, 1, 0, 0, 0, 0, 0, 0, 0, 0
004_1_0045_png.rf.7dff45c9bfe17665ea28bc4b100f7072.jpg, 0, 0, 0, 0, 0, 0, 0, 0, 1, 0, 0, 0, 0, 0, 0, 0, 0
pedestrain_12_jpeg.rf.7c22cb3c4caf05772e3945828b459402.jpg, 0, 1, 0, 0, 0, 0, 0, 0, 0, 0, 0, 0, 0, 0, 0, 0, 0
no_entry-38_png.rf.7dcfb68e0099c95bd8c3b323a1553f8e.jpg, 0, 0, 0, 0, 0, 0, 0, 0, 0, 0, 0, 0, 0, 1, 0, 0, 0
image-73-_jpg.rf.7e3907d88c85d402a9d55709d9f08460.jpg, 0, 0, 0, 0, 0, 0, 0, 0, 0, 0, 0, 0, 0, 1, 0, 0, 0
IMG_20240307_111233_jpg.rf.7f15e08ad7cce51d5c89349e4e361999.jpg, 0, 0, 0, 0, 0, 0, 0, 0, 0, 0, 0, 0, 1, 0, 1, 0, 0
IMG_20240307_110332_jpg.rf.7f017bcc5d88d46c3f6732aa29bee4e2.jpg, 0, 0, 0, 0, 0, 0, 0, 1, 0, 0, 0, 0, 0, 0, 0, 0, 0
znak0628-_jpg.rf.7b40a5139a55d087a3feb287684502f2.jpg, 0, 0, 0, 0, 0, 0, 0, 0, 0, 1, 0, 0, 0, 0, 0, 0, 0
IMG_20240307_111253_jpg.rf.7f471a448ab68056fa876ecda0a634e9.jpg, 0, 0, 0, 0, 0, 0, 0, 0, 0, 0, 0, 0, 0, 1, 0, 0, 0
no_entry-48_jpg.rf.81842947ec2e3510c30a100412c999ca.jpg, 0, 0, 0, 0, 0, 0, 0, 0, 0, 0, 0, 0, 0, 1, 0, 0, 0
IMG_20240307_110507_jpg.rf.80f3f2f907409f888bfde2df35979abf.jpg, 0, 0, 0, 0, 0, 0, 0, 0, 0, 0, 0, 1, 0, 0, 0, 0, 0
IMG_20240307_110641_jpg.rf.800ab8c78eb780c99d1ad3fdf10631aa.jpg, 0, 0, 0, 0, 0, 0, 0, 0, 0, 0, 0, 1, 0, 0, 0, 0, 0
znak0573-_jpg.rf.83249cce4db438bed2a66bb8022860c4.jpg, 0, 0, 0, 0, 0, 0, 0, 0, 0, 1, 0, 0, 0, 0, 0, 0, 0
no_entry-30_png.rf.82ab50f7d921ff23f8a1140da4de6479.jpg, 0, 0, 0, 0, 0, 0, 0, 0, 0, 0, 0, 0, 0, 1, 0, 0, 0
znak0593-_jpg.rf.843f9962776c1bd4e276031b12fc0b2d.jpg, 0, 0, 0, 0, 0, 0, 0, 0, 0, 1, 0, 0, 0, 0, 0, 0, 0
004_1_0042_png.rf.83b07b32139c81c9a9ff86092eaf40b0.jpg, 0, 0, 0, 0, 0, 0, 0, 0, 1, 0, 0, 0, 0, 0, 0, 0, 0
no_entry-33_png.rf.8335055cdfec8c34dcb9791701a11327.jpg, 0, 0, 0, 0, 0, 0, 0, 0, 0, 0, 0, 0, 0, 1, 0, 0, 0
IMG_20240307_111009_jpg.rf.8076087b49a5628ebe93457afa497960.jpg, 0, 0, 0, 0, 0, 0, 0, 0, 0, 0, 0, 0, 0, 0, 1, 0, 0
IMG_20240307_110627_jpg.rf.830115eea832d0b24fa9ee344eb6ca49.jpg, 0, 0, 0, 0, 0, 0, 0, 0, 0, 0, 1, 0, 0, 0, 0, 0, 0
IMG_20240307_111140_jpg.rf.866f2577fd26fd43d3169a41a472484c.jpg, 0, 0, 0, 0, 0, 0, 0, 0, 0, 0, 0, 0, 0, 1, 0, 0, 0
50SpeedLimit_67_png.rf.84ec8d824b240b42195865a9774144bd.jpg, 0, 0, 0, 0, 0, 0, 0, 0, 1, 0, 0, 0, 0, 0, 0, 0, 0
speed_50-47629_JPG.rf.869d9d957fe4bf463a4aa7a23b2be836.jpg, 0, 0, 0, 0, 0, 0, 0, 0, 1, 0, 0, 0, 0, 0, 0, 0, 0
warning-crossroad-roundabout-Copy-10-Copy-Copy-Copy_png.rf.8644b2b872c6a97c8ca0222eb0452266.jpg, 0, 0, 0, 0, 0, 0, 0, 0, 0, 0, 0, 0, 0, 0, 0, 1, 0
znak1214-_jpg.rf.846e2e88792b0e5f80d2c700064c79b3.jpg, 0, 0, 0, 0, 0, 0, 0, 0, 0, 1, 0, 0, 1, 0, 0, 0, 0
znak0592-_jpg.rf.87a79e323f2e40832509affc694e9eb2.jpg, 0, 0, 0, 0, 0, 0, 0, 0, 0, 1, 0, 0, 0, 0, 0, 0, 0
2023-03-14-00-43-28_mp4-238_jpg.rf.84e30d433790cfd68c316d55bb2dda6a.jpg, 0, 0, 0, 1, 0, 0, 0, 0, 0, 0, 0, 0, 0, 0, 0, 0, 0
50SpeedLimit_115_png.rf.870fef90d932ab69bff79cd360a20e71.jpg, 0, 0, 0, 0, 0, 0, 0, 0, 1, 0, 0, 0, 0, 0, 0, 0, 0
znak0612-_jpg.rf.8be60e87c550c71469449f2fd7fd8864.jpg, 0, 0, 0, 0, 0, 0, 0, 0, 0, 1, 0, 0, 0, 0, 0, 0, 0
2023-03-14-00-43-28_mp4-281_jpg.rf.8cb0f824bff310fd29d2374c7fcbd2ae.jpg, 0, 0, 0, 1, 0, 0, 0, 0, 0, 0, 0, 0, 0, 0, 0, 0, 0
2023-03-14-09-45-48_mp4-79_jpg.rf.8a8a275020832f27418251e7ed7ac6fd.jpg, 0, 0, 0, 0, 1, 0, 0, 0, 0, 0, 0, 0, 0, 0, 0, 0, 0
images-22-_jpg.rf.888523cc3e51bf2b7d248229fecd7672.jpg, 0, 0, 1, 0, 0, 0, 0, 0, 0, 0, 0, 0, 0, 0, 0, 0, 0
znak0605-_jpg.rf.8d387941bc07b925bf6f5b112d839dfa.jpg, 0, 0, 0, 0, 0, 0, 0, 0, 0, 1, 0, 0, 0, 0, 0, 0, 0
50SpeedLimit_60_png.rf.8cc30e6b67b6f2a0942c16dcd26d9dd3.jpg, 0, 0, 0, 0, 0, 0, 0, 0, 1, 0, 0, 0, 0, 0, 0, 0, 0
2023-03-14-00-43-28_mp4-193_jpg.rf.8ef398f1e803651a5b8d0558f15a0a1d.jpg, 0, 0, 0, 1, 0, 0, 0, 0, 0, 0, 0, 0, 0, 0, 0, 0, 0
2023-03-14-09-45-48_mp4-51_jpg.rf.911622e1866cbb6fed705840476bca9c.jpg, 0, 0, 0, 0, 1, 0, 0, 0, 0, 0, 0, 0, 0, 0, 0, 0, 0
znak0580-_jpg.rf.8e5f58e70b4422069ca8f653709e3dd8.jpg, 0, 0, 0, 0, 0, 0, 0, 0, 0, 1, 0, 0, 0, 0, 0, 0, 0
IMG_20240307_111138_jpg.rf.8e17c1e3852326517cd5e3a6c8729990.jpg, 0, 0, 0, 0, 0, 0, 0, 0, 0, 0, 0, 0, 0, 1, 0, 0, 0
pedestrian_crossing-34_png.rf.93ecc6b52f973c3608db4560b7151f4b.jpg, 0, 1, 0, 0, 0, 0, 0, 0, 0, 0, 0, 0, 0, 0, 0, 0, 0
IMG_20240307_110656_jpg.rf.93cd13b8ecb6f81d33858890229c1f66.jpg, 0, 0, 0, 0, 0, 0, 0, 0, 0, 0, 0, 1, 0, 0, 0, 0, 0
znak0627-_jpg.rf.90c32a7e573f10f36cb68e8205a3a59f.jpg, 0, 0, 0, 0, 0, 0, 0, 0, 0, 1, 0, 0, 0, 0, 0, 0, 0
znak0606-_jpg.rf.8f69a154ae777bd629a146248e3e115c.jpg, 0, 0, 0, 0, 0, 0, 0, 0, 0, 1, 0, 0, 0, 0, 0, 0, 0
004_1_0039_png.rf.94ad46883639557bdaa216ff3233fa51.jpg, 0, 0, 0, 0, 0, 0, 0, 0, 1, 0, 0, 0, 0, 0, 0, 0, 0
no_entry-42_jpg.rf.9298da2a22ff63a3ef298878828a9cd6.jpg, 0, 0, 0, 0, 0, 0, 0, 0, 0, 0, 0, 0, 0, 1, 0, 0, 0
2_png.rf.946c7a234ac5a6f5b85073126d5b0f79.jpg, 0, 0, 0, 0, 0, 0, 0, 0, 0, 1, 0, 0, 0, 0, 0, 0, 0
speed_50-47692_JPG.rf.94ef6a78bbb85d5a8f8e27b69f2944d3.jpg, 0, 0, 0, 0, 0, 0, 0, 0, 1, 0, 0, 0, 0, 0, 0, 0, 0
IMG_20240307_111339_jpg.rf.94abc270de739e98121d8391c64891a5.jpg, 0, 0, 0, 0, 0, 0, 0, 0, 0, 0, 0, 0, 0, 1, 0, 0, 0
2023-03-14-00-43-28_mp4-236_jpg.rf.94cab5b16b4046e0e913c37004590cee.jpg, 0, 0, 0, 1, 0, 0, 0, 0, 0, 0, 0, 0, 0, 0, 0, 0, 0
2023-03-14-00-43-28_mp4-263_jpg.rf.96488ddadcf060a654da3f4e2a8cb617.jpg, 0, 0, 0, 1, 0, 0, 0, 0, 0, 0, 0, 0, 0, 0, 0, 0, 0
znak0601-_jpg.rf.98d3f409ce2851f1aabb911ff301c66c.jpg, 0, 0, 0, 0, 0, 0, 0, 0, 0, 1, 0, 0, 0, 0, 0, 0, 0
znak0634-_jpg.rf.9664bb0f73e635755461b84173d50ed1.jpg, 0, 0, 0, 0, 0, 0, 0, 0, 0, 1, 0, 0, 0, 0, 0, 0, 0
images-2-_jpg.rf.97d9a2efe0eb2fcf416420131c0c6ac1.jpg, 0, 0, 0, 1, 0, 0, 0, 0, 0, 0, 0, 0, 0, 0, 0, 0, 0
images-2-_png.rf.97c45e2c127c351bbd4f0b62c8b48026.jpg, 0, 0, 0, 0, 0, 0, 0, 0, 0, 0, 0, 0, 0, 0, 0, 1, 0
2023-03-14-00-43-28_mp4-186_jpg.rf.90693e0636e404626be73d3800d72a59.jpg, 0, 0, 0, 1, 0, 0, 0, 0, 0, 0, 0, 0, 0, 0, 0, 0, 0
No-U-turn-to-the-right14_jpg.rf.99cb333aaffbcf6227048b91d2bd3b98.jpg, 0, 0, 0, 0, 1, 0, 0, 0, 0, 0, 0, 0, 0, 0, 0, 0, 0
image-64-_jpg.rf.9a59955a59500b0bd994f8d56a873e6e.jpg, 0, 0, 0, 0, 0, 0, 0, 0, 0, 0, 0, 0, 0, 1, 0, 0, 0
no_entry-11_jpg.rf.9a8039484d00498970744035a4fd4221.jpg, 0, 0, 0, 0, 0, 0, 0, 0, 0, 0, 0, 0, 0, 1, 0, 0, 0
004_0014_png.rf.9afe8428c0d986b5a4e47c3d9392dac7.jpg, 0, 0, 0, 0, 0, 0, 0, 0, 1, 0, 0, 0, 0, 0, 0, 0, 0
znak0587-_jpg.rf.99990a4aac3d63ee2ea8549c9ca85ccf.jpg, 0, 0, 0, 0, 0, 0, 0, 0, 0, 1, 0, 0, 0, 0, 0, 0, 0
image-74-_jpg.rf.9b415a230b62985577c3c457b1a423cb.jpg, 0, 0, 0, 0, 0, 0, 0, 0, 0, 0, 0, 0, 0, 1, 0, 0, 0
znak0618-_jpg.rf.9b8663be2077cbee378866ab2df58c0d.jpg, 0, 0, 0, 0, 0, 0, 0, 0, 0, 1, 0, 0, 0, 0, 0, 0, 0
IMG_20240307_110520_jpg.rf.98ef2512775616068854cf04f9005c5b.jpg, 0, 0, 0, 0, 0, 0, 0, 0, 0, 0, 0, 1, 0, 0, 0, 0, 0
2023-03-14-09-45-48_mp4-31_jpg.rf.9bd235e2586b6e5c8a6b083fab6f34b1.jpg, 0, 0, 0, 0, 1, 0, 0, 0, 0, 0, 0, 0, 0, 0, 0, 0, 0
IMG_20240307_111416_jpg.rf.9c851144a12a791d1045443bff266231.jpg, 0, 0, 0, 0, 0, 0, 0, 0, 0, 0, 1, 0, 0, 0, 0, 0, 0
50SpeedLimit_50_png.rf.9f2532988d010b65ca762f6676163c7b.jpg, 0, 0, 0, 0, 0, 0, 0, 0, 1, 0, 0, 0, 0, 0, 0, 0, 0
znak1210-_jpg.rf.9c4113bf9d528b68e5d5d5f3fdf7707f.jpg, 0, 0, 0, 0, 0, 0, 0, 0, 0, 1, 0, 0, 0, 0, 0, 0, 0
004_0022_png.rf.9d281bf29d12ec63e4eae44186d77494.jpg, 0, 0, 0, 0, 0, 0, 0, 0, 1, 0, 0, 0, 0, 0, 0, 0, 0
znak1221-_jpg.rf.9c0a9762e805c7959bf63313e57cc1fc.jpg, 0, 0, 0, 0, 0, 0, 0, 0, 0, 1, 0, 0, 0, 0, 0, 0, 0
2023-03-14-09-45-48_mp4-16_jpg.rf.a144c70af9c3f843dce70ce6ce8ebfb9.jpg, 0, 0, 0, 0, 1, 0, 0, 0, 0, 0, 0, 0, 0, 0, 0, 0, 0
50SpeedLimit_68_png.rf.9f775eae8ea87a22466b3cde9d14a141.jpg, 0, 0, 0, 0, 0, 0, 0, 0, 1, 0, 0, 0, 0, 0, 0, 0, 0
No-U-turn-to-the-right11_jpg.rf.a1bf79cd4fbf6cae77d89289fddd83ec.jpg, 0, 0, 0, 0, 1, 0, 0, 0, 0, 0, 0, 0, 0, 0, 0, 0, 0
telecharge-2-_jpg.rf.a292da285889b39f97e4f600ac2b3cbf.jpg, 0, 0, 0, 1, 0, 0, 0, 0, 0, 0, 0, 0, 0, 0, 0, 0, 0
IMG_20240307_110516_jpg.rf.a0dc32df2daedc4cb4318ebf42399c02.jpg, 0, 0, 0, 0, 0, 0, 0, 0, 0, 0, 0, 1, 0, 0, 0, 0, 0
no_entry-0_jpg.rf.a2b3dcf2e73be8b5a24734079deb9265.jpg, 0, 0, 0, 0, 0, 0, 0, 0, 0, 0, 0, 0, 0, 1, 0, 0, 0
2023-03-14-00-43-28_mp4-251_jpg.rf.a308cc3aec3c520d34604b195a8e4134.jpg, 0, 0, 0, 1, 0, 0, 0, 0, 0, 0, 0, 0, 0, 0, 0, 0, 0
IMG_20240307_111143_jpg.rf.a2e1034e3e442f786815e6e8200cd236.jpg, 0, 0, 0, 0, 0, 0, 0, 0, 0, 0, 0, 0, 0, 1, 0, 0, 0
znak0592-_jpg.rf.a3de3d5f484cac5db664d1c46137a20b.jpg, 0, 0, 0, 0, 0, 0, 0, 0, 0, 1, 0, 0, 0, 0, 0, 0, 0
telecharge-1-_jpg.rf.a2d18a1b4457653ed84c9a18b6eac809.jpg, 0, 0, 0, 1, 0, 0, 0, 0, 0, 0, 0, 0, 0, 0, 0, 0, 0
image-123-_jpg.rf.a25b62e599b103502147b9901ce54afd.jpg, 0, 0, 0, 0, 0, 0, 0, 0, 0, 0, 0, 0, 0, 0, 0, 0, 1
2023-03-14-09-45-48_mp4-53_jpg.rf.a33957ca3a5c326930109d869addce6e.jpg, 0, 0, 0, 0, 1, 0, 0, 0, 0, 0, 0, 0, 0, 0, 0, 0, 0
2023-03-14-00-43-28_mp4-243_jpg.rf.a40088ad1f5d865ebff48580def7ae7e.jpg, 0, 0, 0, 1, 0, 0, 0, 0, 0, 0, 0, 0, 0, 0, 0, 0, 0
50SpeedLimit_120_png.rf.a54181479b252360f78bac768139f659.jpg, 0, 0, 0, 0, 0, 0, 0, 0, 1, 0, 0, 0, 0, 0, 0, 0, 0
2023-03-14-00-43-28_mp4-229_jpg.rf.a4de687d73fa8814015fda9a6928873d.jpg, 0, 0, 0, 1, 0, 0, 0, 0, 0, 0, 0, 0, 0, 0, 0, 0, 0
50SpeedLimit_69_png.rf.a3edce041da45a9a936202dde26c29a7.jpg, 0, 0, 0, 0, 0, 0, 0, 0, 1, 0, 0, 0, 0, 0, 0, 0, 0
images_jpg.rf.a6879fc5a9a69d199f58eba3ba80c5c0.jpg, 0, 0, 0, 0, 0, 0, 0, 0, 0, 0, 0, 0, 0, 0, 0, 1, 0
IMG_20240307_111413_jpg.rf.a6f7b1e8a510f2e4bcd19b470f97f53b.jpg, 0, 0, 0, 0, 0, 1, 0, 0, 0, 0, 0, 0, 0, 0, 0, 0, 0
20180322_144302_s_jpg.rf.a6cfa1c917f7cd6ca60c3bfd0bc54242.jpg, 0, 0, 0, 0, 0, 0, 0, 0, 0, 0, 0, 1, 0, 0, 0, 0, 0
IMG_20240307_111249_jpg.rf.a6d1ca33148fae1536a5bbf1a53825cf.jpg, 0, 0, 0, 0, 0, 0, 0, 0, 0, 0, 0, 0, 0, 1, 0, 0, 0
004_0034_png.rf.a73a484e0859e19b975847d184454919.jpg, 0, 0, 0, 0, 0, 0, 0, 0, 1, 0, 0, 0, 0, 0, 0, 0, 0
IMG_20240307_110630_jpg.rf.a706bd52e921e640ab7bd7936817beaa.jpg, 0, 0, 0, 0, 0, 0, 0, 0, 0, 0, 1, 0, 0, 0, 0, 0, 0
no_entry-29_jpg.rf.a7739a0041db06da5a28c9b4577e72a0.jpg, 0, 0, 0, 0, 0, 0, 0, 0, 0, 0, 0, 0, 0, 1, 0, 0, 0
004_0010_png.rf.a8027703e6d91de80c76e690c2779850.jpg, 0, 0, 0, 0, 0, 0, 0, 0, 1, 0, 0, 0, 0, 0, 0, 0, 0
images-6-_jpg.rf.a7f488ba2a004d5e2a9340509ee11006.jpg, 0, 0, 0, 1, 0, 0, 0, 0, 0, 0, 0, 0, 0, 0, 0, 0, 0
50SpeedLimit_77_png.rf.a84883eabbf8902fd9ea383c0df535f3.jpg, 0, 0, 0, 0, 0, 0, 0, 0, 1, 0, 0, 0, 0, 0, 0, 0, 0
IMG_20240307_110850_jpg.rf.a814d558a514332f88b4024cc3be5897.jpg, 0, 0, 0, 0, 0, 0, 0, 0, 0, 0, 1, 0, 0, 0, 0, 0, 0
50SpeedLimit_86_png.rf.a877e593ac6a660b0700250ecab151e6.jpg, 0, 0, 0, 0, 0, 0, 0, 0, 1, 0, 0, 0, 0, 0, 0, 0, 0
004_0011_png.rf.abefbd0a4b5da1c3a15c7a46e2fed901.jpg, 0, 0, 0, 0, 0, 0, 0, 0, 1, 0, 0, 0, 0, 0, 0, 0, 0
100_s_jpg.rf.ac73708bbfde20f00a873eccf63d4f7d.jpg, 0, 0, 0, 0, 0, 0, 0, 0, 0, 0, 0, 1, 0, 0, 0, 0, 0
IMG_20240307_111132_jpg.rf.ad8627ce24142f423aeffaa591f19534.jpg, 0, 0, 0, 0, 0, 0, 0, 0, 0, 0, 0, 0, 0, 0, 1, 0, 0
50SpeedLimit_109_png.rf.abdd9ccb9737e8fc9d3285a7875d65fc.jpg, 0, 0, 0, 0, 0, 0, 0, 0, 1, 0, 0, 0, 0, 0, 0, 0, 0
2023-03-14-09-45-48_mp4-42_jpg.rf.ab5132a53bed3bd7ca01421f24d9f547.jpg, 0, 0, 0, 0, 1, 0, 0, 0, 0, 0, 0, 0, 0, 0, 0, 0, 0
znak0457-_jpg.rf.adc763d5e20e24938813865908a55875.jpg, 0, 0, 0, 0, 0, 0, 0, 0, 1, 0, 0, 0, 0, 0, 0, 0, 0
IMG_20240307_110107_jpg.rf.ab46762101b9d27f3ebffe4cc94b80c1.jpg, 0, 0, 0, 0, 0, 0, 0, 0, 0, 0, 0, 1, 0, 0, 0, 0, 0
004_1_0012_png.rf.adf9896a7c9001f0f58dae098e41cc84.jpg, 0, 0, 0, 0, 0, 0, 0, 0, 1, 0, 0, 0, 0, 0, 0, 0, 0
No-U-turn-to-the-left1_jpg.rf.b18540c0854dc7a51a0dc5c52385872a.jpg, 0, 0, 0, 0, 1, 0, 0, 0, 0, 0, 0, 0, 0, 0, 0, 0, 0
2023-03-14-00-43-28_mp4-278_jpg.rf.b0e30f817c5a98a4ae9b12cab5282f96.jpg, 0, 0, 0, 1, 0, 0, 0, 0, 0, 0, 0, 0, 0, 0, 0, 0, 0
004_0030_j_png.rf.b0c45dc573a75cc9dc3bfd755f7502a1.jpg, 0, 0, 0, 0, 0, 0, 0, 0, 1, 0, 0, 0, 0, 0, 0, 0, 0
50SpeedLimit_107_png.rf.adbf107c7f8a8bfd4b5d28f610926792.jpg, 0, 0, 0, 0, 0, 0, 0, 0, 1, 0, 0, 0, 0, 0, 0, 0, 0
50SpeedLimit_32_png.rf.ad23300f46c11b3e7ead948a0023021b.jpg, 0, 0, 0, 0, 0, 0, 0, 0, 1, 0, 0, 0, 0, 0, 0, 0, 0
speed_50-48028_JPG.rf.b2c05144cc9e7b3cf21b575fa20d8d69.jpg, 0, 0, 0, 0, 0, 0, 0, 0, 1, 0, 0, 0, 0, 0, 0, 0, 0
2023-03-14-00-43-28_mp4-244_jpg.rf.b25559983c91abc4ca7c81fb7acdeef3.jpg, 0, 0, 0, 1, 0, 0, 0, 0, 0, 0, 0, 0, 0, 0, 0, 0, 0
IMG_20240307_110539_jpg.rf.b168cd36c5d45e9f9721e5a2fad16b61.jpg, 0, 0, 0, 0, 0, 0, 0, 0, 0, 0, 1, 0, 0, 0, 0, 0, 0
znak0588-_jpg.rf.b5556a3effc82b293966324052511e5e.jpg, 0, 0, 0, 0, 0, 0, 0, 0, 0, 1, 0, 0, 0, 0, 0, 0, 0
images-9-_jpg.rf.b491ec6a580116b07fa17fc005117f04.jpg, 1, 0, 0, 0, 0, 0, 0, 0, 0, 0, 0, 0, 0, 0, 0, 0, 0
50SpeedLimit_78_png.rf.ade9f619e8039f0adfae402648d47bc2.jpg, 0, 0, 0, 0, 0, 0, 0, 0, 1, 0, 0, 0, 0, 0, 0, 0, 0
images-12-Copie_jpg.rf.b4adb32dc414f1ebb1bfffe211986143.jpg, 1, 0, 0, 0, 0, 0, 0, 0, 0, 0, 0, 0, 0, 0, 0, 0, 0
004_1_0006_png.rf.b272eeff6dbcf8670baff592016a996e.jpg, 0, 0, 0, 0, 0, 0, 0, 0, 1, 0, 0, 0, 0, 0, 0, 0, 0
50SpeedLimit_66_png.rf.b6a58a84dbc391111eb96d596c169492.jpg, 0, 0, 0, 0, 0, 0, 0, 0, 1, 0, 0, 0, 0, 0, 0, 0, 0
50SpeedLimit_58_png.rf.b4dcc4c226e1f3a7f59d34a9737d70c8.jpg, 0, 0, 0, 0, 0, 0, 0, 0, 1, 0, 0, 0, 0, 0, 0, 0, 0
znak1212-_jpg.rf.b6c5ca93d9c6ba451646f363cc153c95.jpg, 0, 0, 0, 0, 0, 0, 0, 0, 0, 1, 0, 0, 0, 0, 0, 0, 0
ezgif-com-webp-to-png_png.rf.b6ab35c1c192e7f2bc5533fd503e0a30.jpg, 0, 0, 0, 0, 0, 0, 0, 0, 0, 0, 0, 1, 0, 0, 0, 0, 0
znak0608-_jpg.rf.b937f18c877d57482e1ca20bded0a773.jpg, 0, 0, 0, 0, 0, 0, 0, 0, 0, 1, 0, 0, 0, 0, 0, 0, 0
znak0600-_jpg.rf.b89e42fc553d515fcf90a7051d179326.jpg, 0, 0, 0, 0, 0, 0, 0, 0, 0, 1, 0, 0, 0, 0, 0, 0, 0
znak0595-_jpg.rf.baa1e04bc2882969d503776115ee6129.jpg, 0, 0, 0, 0, 0, 0, 0, 0, 0, 1, 0, 0, 0, 0, 0, 0, 0
No-U-turn-to-the-left14_png.rf.ba93928644154fe3bbad5c2978e8b81f.jpg, 0, 0, 0, 0, 1, 0, 0, 0, 0, 0, 0, 0, 0, 0, 0, 0, 0
znak0638-_jpg.rf.b621226cbb17e1539d04f96a605e8f60.jpg, 0, 0, 0, 0, 0, 0, 0, 0, 0, 1, 0, 0, 0, 0, 0, 0, 0
5_png.rf.bc0599cb2fba5b89ccc88c44b198c0ee.jpg, 0, 0, 0, 0, 0, 0, 0, 0, 0, 1, 0, 0, 0, 0, 0, 0, 0
znak0575-_jpg.rf.bc3111416611ba12dafc98e926c5e2a7.jpg, 0, 0, 0, 0, 0, 0, 0, 0, 0, 1, 0, 0, 0, 0, 0, 0, 0
IMG_20240307_111147_jpg.rf.bc8f1cc6ef91ab1507dcdf5f42290f5a.jpg, 0, 0, 0, 0, 0, 0, 0, 0, 0, 0, 0, 0, 0, 1, 0, 0, 0
no_entry-13_jpg.rf.bb44967f0bfb9a736962d8db71d751da.jpg, 0, 0, 0, 0, 0, 0, 0, 0, 0, 0, 0, 0, 0, 1, 0, 0, 0
no_entry-25_png.rf.bd7a7bb802500cb1ac8d832c4ddf1f79.jpg, 0, 0, 0, 0, 0, 0, 0, 0, 0, 0, 0, 0, 0, 1, 0, 0, 0
images-1-_jpeg.rf.becaf8c8281eee12df1e873058b16e8c.jpg, 0, 1, 0, 0, 0, 0, 0, 0, 0, 0, 0, 0, 0, 0, 0, 0, 0
2023-03-14-09-45-48_mp4-24_jpg.rf.bfc5f7cfebcab1018c2dc064ae7f8d27.jpg, 0, 0, 0, 0, 1, 0, 0, 0, 0, 0, 0, 0, 0, 0, 0, 0, 0
2023-03-14-00-43-28_mp4-235_jpg.rf.bfc26dbd057835b7699a8418db1ef68d.jpg, 0, 0, 0, 1, 0, 0, 0, 0, 0, 0, 0, 0, 0, 0, 0, 0, 0
IMG_20240307_111349_jpg.rf.bffcd7a55e20ea9a5a23b41837580c95.jpg, 0, 0, 0, 0, 0, 0, 0, 0, 0, 0, 0, 0, 0, 1, 0, 0, 0
znak0582-_jpg.rf.bf7f2f8495b9ace8beb7c829e8c91542.jpg, 0, 0, 0, 0, 0, 0, 0, 0, 0, 1, 0, 0, 0, 0, 0, 0, 0
pedestrian_crossing-30_png.rf.c162bcc8c265576ca344676e741ab29d.jpg, 0, 1, 0, 0, 0, 0, 0, 0, 0, 0, 0, 0, 0, 0, 0, 0, 0
znak0578-_jpg.rf.c18e97605242d76db037723e386c4018.jpg, 0, 0, 0, 0, 0, 0, 0, 0, 0, 1, 0, 0, 0, 0, 0, 0, 0
znak0586-_jpg.rf.c1992a34fb84f5594ffa045183d3fc23.jpg, 0, 0, 0, 0, 0, 0, 0, 0, 0, 1, 0, 0, 0, 0, 0, 0, 0
2023-03-14-00-43-28_mp4-283_jpg.rf.c1df5bced3a1144d8f2e6fc2abb057aa.jpg, 0, 0, 0, 1, 0, 0, 0, 0, 0, 0, 0, 0, 0, 0, 0, 0, 0
2023-03-14-09-45-48_mp4-80_jpg.rf.c2ae6e9320eefd8f9ddd853616dd964a.jpg, 0, 0, 0, 0, 1, 0, 0, 0, 0, 0, 0, 0, 0, 0, 0, 0, 0
50SpeedLimit_116_png.rf.c45342184e2c8ad95ff5058f8d7ccb44.jpg, 0, 0, 0, 0, 0, 0, 0, 0, 1, 0, 0, 0, 0, 0, 0, 0, 0
znak0624-_jpg.rf.c47ebcc41367843ccf2f1c98b3a78b12.jpg, 0, 0, 0, 0, 0, 0, 0, 0, 0, 1, 0, 0, 0, 0, 0, 0, 0
pedestrian_crossing-53_jpg.rf.c411c250eaeb5ad411e3a0f54874d9e5.jpg, 0, 1, 0, 0, 0, 0, 0, 0, 0, 0, 0, 0, 0, 0, 0, 0, 0
IMG_20240307_110626_jpg.rf.c591ce52b8778d12f29f5bb77a4d974d.jpg, 0, 0, 0, 0, 0, 0, 0, 0, 0, 0, 1, 0, 0, 0, 0, 0, 0
IMG_20240307_111342_jpg.rf.c74ed570d74dc473f591f96cd36947a4.jpg, 0, 0, 0, 0, 0, 0, 0, 0, 0, 0, 0, 0, 0, 1, 0, 0, 0
IMG_20240307_110528_jpg.rf.c683b7d8e883256d86514c73981e6c9f.jpg, 0, 0, 0, 0, 0, 0, 0, 0, 0, 0, 0, 1, 0, 0, 0, 0, 0
20180322_144313_s_jpg.rf.c91935978ed90c34fe132be490e7ec7b.jpg, 0, 0, 0, 0, 0, 0, 0, 0, 0, 0, 0, 1, 0, 0, 0, 0, 0
50SpeedLimit_57_png.rf.c2ea3427af8d2ab997224456e92a3d49.jpg, 0, 0, 0, 0, 0, 0, 0, 0, 1, 0, 0, 0, 0, 0, 0, 0, 0
pedestrian_crossing-69_jpg.rf.c865a45e1e63358339bd43a42c333d4b.jpg, 0, 1, 0, 0, 0, 0, 0, 0, 0, 0, 0, 0, 0, 0, 0, 0, 0
2023-03-14-09-45-48_mp4-17_jpg.rf.c10b0da22ec29865088843f1c3cbfba3.jpg, 0, 0, 0, 0, 1, 0, 0, 0, 0, 0, 0, 0, 0, 0, 0, 0, 0
image-132-_jpg.rf.c519764da73606469d6f283f5b111a07.jpg, 0, 0, 0, 0, 0, 0, 0, 0, 0, 0, 0, 0, 0, 0, 0, 0, 1
no_entry-20_png.rf.c9da6de03646f89096018f010692838b.jpg, 0, 0, 0, 0, 0, 0, 0, 0, 0, 0, 0, 0, 0, 1, 0, 0, 0
004_1_0044_png.rf.cbf33e8de04f85e0449b1b96b8cc03a7.jpg, 0, 0, 0, 0, 0, 0, 0, 0, 1, 0, 0, 0, 0, 0, 0, 0, 0
znak0577-_jpg.rf.c42a6ed7052e8526ae3dee22465ec03e.jpg, 0, 0, 0, 0, 0, 0, 0, 0, 0, 1, 0, 0, 0, 0, 0, 0, 0
2023-03-14-00-43-28_mp4-196_jpg.rf.cbd85a15e9ba6d39b2e57601a3ab80d1.jpg, 0, 0, 0, 1, 0, 0, 0, 0, 0, 0, 0, 0, 0, 0, 0, 0, 0
No-U-turn-to-the-right18_jpg.rf.cbf054c70ad896d66c47c36a3907c92f.jpg, 0, 0, 0, 0, 1, 0, 0, 0, 0, 0, 0, 0, 0, 0, 0, 0, 0
znak1221-_jpg.rf.cc2df2bcd9500b4c8e88592a4a255088.jpg, 0, 0, 0, 0, 0, 0, 0, 0, 0, 1, 0, 0, 0, 0, 0, 0, 0
2023-03-14-09-45-48_mp4-74_jpg.rf.ccc52817ce6c3b1567ade518c2771015.jpg, 0, 0, 0, 0, 1, 0, 0, 0, 0, 0, 0, 0, 0, 0, 0, 0, 0
IMG_20240307_110325_jpg.rf.cca1909aea6f10a25d0b0e5eb73f6883.jpg, 0, 0, 0, 0, 0, 0, 0, 0, 0, 0, 1, 0, 0, 0, 0, 0, 0
No-U-turn-to-the-left13_jpg.rf.cdbeaf55eb77f2a7316edf3f2ffe16f4.jpg, 0, 0, 0, 0, 1, 0, 0, 0, 0, 0, 0, 0, 0, 0, 0, 0, 0
rotate_right_50SpeedLimit_98_png.rf.caec8210c8d59bf338b3d740762c0033.jpg, 0, 0, 0, 0, 0, 0, 0, 0, 1, 0, 0, 0, 0, 0, 0, 0, 0
IMG_20240307_110322_jpg.rf.cf5207fac81ee36271636eb49b657441.jpg, 0, 0, 0, 0, 0, 0, 0, 0, 0, 0, 1, 0, 0, 0, 0, 0, 0
004_1_0030_png.rf.cf45436396d9765bffb50fbd484522b4.jpg, 0, 0, 0, 0, 0, 0, 0, 0, 1, 0, 0, 0, 0, 0, 0, 0, 0
50SpeedLimit_100_png.rf.cdbfc68bfe3d66c153ec1db76142d938.jpg, 0, 0, 0, 0, 0, 0, 0, 0, 1, 0, 0, 0, 0, 0, 0, 0, 0
IMG_20240307_110330_jpg.rf.d044ef2d9e4d81c7354cb718cc8fdf20.jpg, 0, 0, 0, 0, 0, 0, 0, 1, 0, 0, 0, 0, 0, 0, 0, 0, 0
2023-03-14-09-45-48_mp4-19_jpg.rf.d02e3f82ed2bc63887f44eab613ae01d.jpg, 0, 0, 0, 0, 1, 0, 0, 0, 0, 0, 0, 0, 0, 0, 0, 0, 0
2023-03-14-09-45-48_mp4-66_jpg.rf.d3a3fd121698a6e4e17d171d327ca5b8.jpg, 0, 0, 0, 0, 1, 0, 0, 0, 0, 0, 0, 0, 0, 0, 0, 0, 0
rotate_right_50SpeedLimit_104_png.rf.d24ce31c3098c91b828c569243ce357b.jpg, 0, 0, 0, 0, 0, 0, 0, 0, 1, 0, 0, 0, 0, 0, 0, 0, 0
image-1-_jpg.rf.d6acd90820a865a63704f3a6acfb0008.jpg, 0, 0, 0, 0, 0, 0, 0, 0, 0, 0, 0, 0, 0, 0, 0, 0, 1
IMG_20240307_111151_jpg.rf.d6fea0fe8457fc8c7de64b002e085309.jpg, 0, 0, 0, 0, 0, 0, 0, 0, 0, 0, 0, 0, 0, 1, 0, 0, 0
znak0631-_jpg.rf.d9726e1f27c0bd2d932f33f51d62250e.jpg, 0, 0, 0, 0, 0, 0, 0, 0, 0, 1, 0, 0, 0, 0, 0, 0, 0
znak0598-_jpg.rf.da2ad06a2bdfb23a5d072bcc05a77b81.jpg, 0, 0, 0, 0, 0, 0, 0, 0, 0, 1, 0, 0, 0, 0, 0, 0, 0
50SpeedLimit_106_png.rf.db71bf44d2462b22a90017c160347fbb.jpg, 0, 0, 0, 0, 0, 0, 0, 0, 1, 0, 0, 0, 0, 0, 0, 0, 0
IMG_20240307_110326_jpg.rf.d95240f053733a22d272b14ab5938439.jpg, 0, 0, 0, 0, 0, 0, 0, 0, 0, 0, 1, 0, 0, 0, 0, 0, 0
004_0032_png.rf.db34d0db65436a930922ba01f0bf5810.jpg, 0, 0, 0, 0, 0, 0, 0, 0, 1, 0, 0, 0, 0, 0, 0, 0, 0
speed_50-47902_JPG.rf.dcbecf2bb4b1f9b75603072a12c8e3ee.jpg, 0, 0, 0, 0, 0, 0, 0, 0, 1, 0, 0, 0, 0, 0, 0, 0, 0
2023-03-14-00-43-28_mp4-201_jpg.rf.d80d9caa94677f4eacf17f1328ecf761.jpg, 0, 0, 0, 1, 0, 0, 0, 0, 0, 0, 0, 0, 0, 0, 0, 0, 0
znak0623-_jpg.rf.debb2d0134f8fd4ae06d9e6ed5bd1703.jpg, 0, 0, 0, 0, 0, 0, 0, 0, 0, 1, 0, 0, 0, 0, 0, 0, 0
IMG_20240307_110628_jpg.rf.de575a8cb10758b7615401bd1eebeb96.jpg, 0, 0, 0, 0, 0, 0, 0, 0, 0, 0, 1, 0, 0, 0, 0, 0, 0
50SpeedLimit_64_png.rf.df71c1bba03cb2dd3cbdf430f49c037f.jpg, 0, 0, 0, 0, 0, 0, 0, 0, 1, 0, 0, 0, 0, 0, 0, 0, 0
images-5-_jpg.rf.dd8113a8fe6afe98ef75c007b4dd5b60.jpg, 0, 0, 0, 1, 0, 0, 0, 0, 0, 0, 0, 0, 0, 0, 0, 0, 0
images-10-Copie_jpg.rf.e12b28693861ff467191c453ccf62728.jpg, 1, 0, 0, 0, 0, 0, 0, 0, 0, 0, 0, 0, 0, 0, 0, 0, 0
znak0628-_jpg.rf.df31ac892784d3071587124905f1dac7.jpg, 0, 0, 0, 0, 0, 0, 0, 0, 0, 1, 0, 0, 0, 0, 0, 0, 0
IMG_20240307_110100_jpg.rf.e17f1cf9436a45435f976d040039e600.jpg, 0, 0, 0, 0, 0, 0, 0, 0, 0, 0, 0, 1, 0, 0, 0, 0, 0
IMG_20240307_110132_jpg.rf.dfebf98fffc5000f78ca564bc1e8e44c.jpg, 0, 0, 0, 0, 0, 0, 1, 0, 0, 0, 0, 0, 0, 0, 0, 0, 0
znak0583-_jpg.rf.e303eba3a5356a9a0757a00ce9a865d1.jpg, 0, 0, 0, 0, 0, 0, 0, 0, 0, 1, 0, 0, 0, 0, 0, 0, 0
2023-03-14-00-43-28_mp4-255_jpg.rf.e1181a2954ebda1127267827565bc190.jpg, 0, 0, 0, 1, 0, 0, 0, 0, 0, 0, 0, 0, 0, 0, 0, 0, 0
50SpeedLimit_42_png.rf.e3c1f3dce3da17aa81a3583d23e4c9ac.jpg, 0, 0, 0, 0, 0, 0, 0, 0, 1, 0, 0, 0, 0, 0, 0, 0, 0
znak0615-_jpg.rf.db85a106a6ecc1c0b534a6823f72a334.jpg, 0, 0, 0, 0, 0, 0, 0, 0, 0, 1, 0, 0, 0, 0, 0, 0, 0
znak1215-_jpg.rf.d067879bc2df0d2fa12e6249b5c07a42.jpg, 0, 0, 0, 0, 0, 0, 0, 0, 0, 1, 0, 0, 1, 0, 0, 0, 0
IMG_20240307_110315_jpg.rf.e393e152a3b3b839f0adb7c2de42c2ed.jpg, 0, 0, 0, 0, 0, 0, 0, 1, 0, 0, 0, 0, 0, 0, 0, 0, 0
IMG_20240307_111239_jpg.rf.e6089b8226ec8956799ef36113066fff.jpg, 0, 0, 0, 0, 0, 0, 0, 0, 0, 0, 0, 0, 1, 0, 1, 0, 0
No-U-turn-to-the-left4_png.rf.e56d89f88e1e827709fd8ffcbdd6a027.jpg, 0, 0, 0, 0, 1, 0, 0, 0, 0, 0, 0, 0, 0, 0, 0, 0, 0
No-U-turn-to-the-right1_jpg.rf.e8c8b874e3382fb1a226c9f74ab81284.jpg, 0, 0, 0, 0, 1, 0, 0, 0, 0, 0, 0, 0, 0, 0, 0, 0, 0
IMG_20240307_111242_jpg.rf.e4ae05e5d22a8540e04b8eca0b5dc452.jpg, 0, 0, 0, 0, 0, 0, 0, 0, 0, 0, 0, 0, 1, 0, 1, 0, 0
004_1_0040_png.rf.e8f88ced32b3bf0af20e3c6066e03448.jpg, 0, 0, 0, 0, 0, 0, 0, 0, 1, 0, 0, 0, 0, 0, 0, 0, 0
IMG_20240307_110138_jpg.rf.e6f14ee2af9d50583a87c458b304680b.jpg, 0, 0, 0, 0, 0, 0, 0, 0, 0, 0, 1, 0, 0, 0, 0, 0, 0
speed_50-47461_JPG.rf.e96aa6ca586ed8f6eb8f945200bffe66.jpg, 0, 0, 0, 0, 0, 0, 0, 0, 1, 0, 0, 0, 0, 0, 0, 0, 0
znak1220-_jpg.rf.e9c2ecf9f1a407014ad0b3f12c5a6327.jpg, 0, 0, 0, 0, 0, 0, 0, 0, 0, 1, 0, 0, 0, 0, 0, 0, 0
004_0021_png.rf.e97ce86d37cd1ab12ae0496223e4d3ab.jpg, 0, 0, 0, 0, 0, 0, 0, 0, 1, 0, 0, 0, 0, 0, 0, 0, 0
2023-03-14-09-45-48_mp4-81_jpg.rf.e434b54666bbde5379aa2aec975c03e1.jpg, 0, 0, 0, 0, 1, 0, 0, 0, 0, 0, 0, 0, 0, 0, 0, 0, 0
speed_50-47860_JPG.rf.0165cae9cd53e674d417cdb7afb2842a.jpg, 0, 0, 0, 0, 0, 0, 0, 0, 1, 0, 0, 0, 0, 0, 0, 0, 0
images-3-_png.rf.005b4cd47a85dbf10437141d488fa2d1.jpg, 0, 0, 0, 0, 0, 0, 0, 0, 0, 0, 0, 0, 0, 0, 0, 1, 0
2023-03-14-09-45-48_mp4-33_jpg.rf.0185088ecdda642117d467acf6b4f972.jpg, 0, 0, 0, 0, 1, 0, 0, 0, 0, 0, 0, 0, 0, 0, 0, 0, 0
IMG_20240307_110905_jpg.rf.024fbf343c7ef4727caa0b6e6f7d035c.jpg, 0, 0, 0, 0, 0, 0, 1, 0, 0, 0, 0, 0, 0, 0, 0, 0, 0
speed_50-47356_JPG.rf.06b329ad0155481c4583444eb2edd5ca.jpg, 0, 0, 0, 0, 0, 0, 0, 0, 1, 0, 0, 0, 0, 0, 0, 0, 0
IMG_20240307_111149_jpg.rf.04fb07ea3a3778ec3f1dcbe74b37c80b.jpg, 0, 0, 0, 0, 0, 0, 0, 0, 0, 0, 0, 0, 0, 1, 0, 0, 0
IMG_20240307_111019_jpg.rf.070fa4b1c545afecdde8034db5df6c6d.jpg, 0, 0, 0, 0, 0, 0, 0, 0, 0, 0, 1, 0, 0, 0, 0, 0, 0
50SpeedLimit_65_png.rf.081630052974ea66ad395c1587146948.jpg, 0, 0, 0, 0, 0, 0, 0, 0, 1, 0, 0, 0, 0, 0, 0, 0, 0
IMG_20240307_110636_jpg.rf.079e8dc1b6545a514c6954d64f3d1936.jpg, 0, 0, 0, 0, 0, 0, 0, 0, 0, 0, 0, 1, 0, 0, 0, 0, 0
no_entry-1_jpg.rf.08fb5ed4bc604aa50b16d5d6d850f78c.jpg, 0, 0, 0, 0, 0, 0, 0, 0, 0, 0, 0, 0, 0, 1, 0, 0, 0
speed_50-47671_JPG.rf.075c6a741f1c3bacaca46731e6fe8d2b.jpg, 0, 0, 0, 0, 0, 0, 0, 0, 1, 0, 0, 0, 0, 0, 0, 0, 0
No-U-turn-to-the-right4_jpg.rf.0901468b63b47ba51648d6d4ce09b876.jpg, 0, 0, 0, 0, 1, 0, 0, 0, 0, 0, 0, 0, 0, 0, 0, 0, 0
no_entry-69_jpg.rf.0937a74be484955250443e1518adc33a.jpg, 0, 0, 0, 0, 0, 0, 0, 0, 0, 0, 0, 0, 0, 1, 0, 0, 0
2023-03-14-09-45-48_mp4-78_jpg.rf.09749efc5169bbfbdaa3c609f06613e3.jpg, 0, 0, 0, 0, 1, 0, 0, 0, 0, 0, 0, 0, 0, 0, 0, 0, 0
No-U-turn-to-the-left2_jpg.rf.09b656a2cca550267f00d969ebb8ddf6.jpg, 0, 0, 0, 0, 1, 0, 0, 0, 0, 0, 0, 0, 0, 0, 0, 0, 0
2023-03-14-09-45-48_mp4-43_jpg.rf.098599586c18f6255c9bf0f14978df73.jpg, 0, 0, 0, 0, 1, 0, 0, 0, 0, 0, 0, 0, 0, 0, 0, 0, 0
2023-03-14-09-45-48_mp4-64_jpg.rf.0b50c10bd8261f867cdb92f1b9a11c58.jpg, 0, 0, 0, 0, 1, 0, 0, 0, 0, 0, 0, 0, 0, 0, 0, 0, 0
004_0020_png.rf.0dc5338381b6a8b9b616d83fec2233e9.jpg, 0, 0, 0, 0, 0, 0, 0, 0, 1, 0, 0, 0, 0, 0, 0, 0, 0
speed_50-46747_JPG.rf.0c68218792b5a7a4256f53554c7b13e8.jpg, 0, 0, 0, 0, 0, 0, 0, 0, 1, 0, 0, 0, 0, 0, 0, 0, 0
2023-03-14-00-43-28_mp4-298_jpg.rf.0af5ed5cc8b9776533813596893a9786.jpg, 0, 0, 0, 1, 0, 0, 0, 0, 0, 0, 0, 0, 0, 0, 0, 0, 0
IMG_20240307_110028_jpg.rf.0ad43d0de83c545095a9d7382276736b.jpg, 0, 0, 0, 0, 0, 0, 0, 0, 0, 0, 0, 0, 1, 0, 0, 0, 0
znak0648-_jpg.rf.0f196830730aac76d6447bd5b4767dce.jpg, 0, 0, 0, 0, 0, 0, 0, 0, 0, 1, 0, 0, 0, 0, 0, 0, 0
znak0583-_jpg.rf.10c3cfcac318e8415563427e11181540.jpg, 0, 0, 0, 0, 0, 0, 0, 0, 0, 1, 0, 0, 0, 0, 0, 0, 0
004_0004_png.rf.0f6ace182009caf2a8be9baa51c0f946.jpg, 0, 0, 0, 0, 0, 0, 0, 0, 1, 0, 0, 0, 0, 0, 0, 0, 0
3_png.rf.0ed6044a4793f0ea89d2bd36ce06bc6f.jpg, 0, 0, 0, 0, 0, 0, 0, 0, 0, 1, 0, 0, 0, 0, 0, 0, 0
speed_50-47734_JPG.rf.11251b8fa5ecf0f530e8f3c6ec508493.jpg, 0, 0, 0, 0, 0, 0, 0, 0, 1, 0, 0, 0, 0, 0, 0, 0, 0
IMG_20240307_111356_jpg.rf.130df70b69095cd79a6ed32bd4dc2ec6.jpg, 0, 0, 0, 0, 0, 0, 0, 0, 0, 0, 1, 0, 0, 0, 0, 0, 0
2023-03-14-00-43-28_mp4-266_jpg.rf.10bd77e134c92eecd25df5fbeb4140c2.jpg, 0, 0, 0, 1, 0, 0, 0, 0, 0, 0, 0, 0, 0, 0, 0, 0, 0
images-15-_jpg.rf.11e125511b5cea03e62e0bc4474d2ed0.jpg, 1, 0, 0, 0, 0, 0, 0, 0, 0, 0, 0, 0, 0, 0, 0, 0, 0
image-139-_jpg.rf.193510437af8bf23308a64dd82e54417.jpg, 0, 0, 0, 0, 0, 0, 0, 0, 0, 0, 0, 0, 0, 0, 0, 0, 1
speed_50-47608_JPG.rf.14f12a2a4e94a6f7779a1aca6924c3e5.jpg, 0, 0, 0, 0, 0, 0, 0, 0, 1, 0, 0, 0, 0, 0, 0, 0, 0
2023-03-14-00-43-28_mp4-282_jpg.rf.1a9847941b32aa359d1c9815664b3f88.jpg, 0, 0, 0, 1, 0, 0, 0, 0, 0, 0, 0, 0, 0, 0, 0, 0, 0
znak0640-_jpg.rf.1a96506e6425a0f3d8d81394c0d41c5c.jpg, 0, 0, 0, 0, 0, 0, 0, 0, 0, 1, 0, 0, 0, 0, 0, 0, 0
004_1_0024_png.rf.1784c57ccb37358af5b42797dc112725.jpg, 0, 0, 0, 0, 0, 0, 0, 0, 1, 0, 0, 0, 0, 0, 0, 0, 0
004_1_0046_png.rf.1d1499aa5ed815b94d5032ab5fbeccba.jpg, 0, 0, 0, 0, 0, 0, 0, 0, 1, 0, 0, 0, 0, 0, 0, 0, 0
50SpeedLimit_97_png.rf.1dacf87c4ff0523944d984178a7b583c.jpg, 0, 0, 0, 0, 0, 0, 0, 0, 1, 0, 0, 0, 0, 0, 0, 0, 0
004_0023_png.rf.1e93cf5037e1743a7d2fe92c6cc25c82.jpg, 0, 0, 0, 0, 0, 0, 0, 0, 1, 0, 0, 0, 0, 0, 0, 0, 0
no_entry-5_jpg.rf.1a2861820928a116ed6de222b4e76842.jpg, 0, 0, 0, 0, 0, 0, 0, 0, 0, 0, 0, 0, 0, 1, 0, 0, 0
znak1225-_jpg.rf.1eacb78b55991df83d82ebdd11874b9a.jpg, 0, 0, 0, 0, 0, 0, 0, 0, 0, 1, 0, 0, 0, 0, 0, 0, 0
pedestrian_crossing-33_png.rf.1acb29edb0fe8d233b97e56b22fd896c.jpg, 0, 1, 0, 0, 0, 0, 0, 0, 0, 0, 0, 0, 0, 0, 0, 0, 0
2023-03-14-00-43-28_mp4-249_jpg.rf.13e3ccdaecec152bd29f1eeb00f5f21b.jpg, 0, 0, 0, 1, 0, 0, 0, 0, 0, 0, 0, 0, 0, 0, 0, 0, 0
IMG_20240307_110149_jpg.rf.20204d2b3108723252b63b27c1a577bb.jpg, 0, 0, 0, 0, 0, 0, 1, 0, 0, 0, 0, 0, 0, 0, 0, 0, 0
004_1_0043_png.rf.1eaecaa5f3f4dc584348e37cbfcc9c80.jpg, 0, 0, 0, 0, 0, 0, 0, 0, 1, 0, 0, 0, 0, 0, 0, 0, 0
images-1-_png.rf.2077e34dd263686b06a1aa91e885839a.jpg, 0, 0, 0, 0, 0, 0, 0, 0, 0, 0, 0, 0, 0, 0, 0, 1, 0
no_entry-39_png.rf.204fd1226c2950b5449e17512e773bdc.jpg, 0, 0, 0, 0, 0, 0, 0, 0, 0, 0, 0, 0, 0, 1, 0, 0, 0
no_entry-12_jpg.rf.212abd6e8618d2c4df3bcf55d4f830b2.jpg, 0, 0, 0, 0, 0, 0, 0, 0, 0, 0, 0, 0, 0, 1, 0, 0, 0
2023-03-14-00-43-28_mp4-279_jpg.rf.21500099ff7d3566952def89fa595918.jpg, 0, 0, 0, 1, 0, 0, 0, 0, 0, 0, 0, 0, 0, 0, 0, 0, 0
IMG_20240307_110318_jpg.rf.21b4cddf50554cff6e39241b83fd047b.jpg, 0, 0, 0, 0, 0, 0, 0, 1, 0, 0, 0, 0, 0, 0, 0, 0, 0
znak0637-_jpg.rf.21045cc4551f2f144cb55bfcc79ba0fe.jpg, 0, 0, 0, 0, 0, 0, 0, 0, 0, 1, 0, 0, 0, 0, 0, 0, 0
004_0013_png.rf.228f3f07755e1e4c5cd94f2e21db4696.jpg, 0, 0, 0, 0, 0, 0, 0, 0, 1, 0, 0, 0, 0, 0, 0, 0, 0
IMG_20240307_111418_jpg.rf.2149c9154d8dd03d53a48035b27ff6ae.jpg, 0, 0, 0, 0, 0, 0, 0, 0, 0, 0, 1, 0, 0, 0, 0, 0, 0
IMG_20240307_110908_jpg.rf.23a5384621234db74efbbf67581c96d6.jpg, 0, 0, 0, 0, 0, 0, 1, 0, 0, 0, 0, 0, 0, 0, 0, 0, 0
2023-03-14-09-45-48_mp4-32_jpg.rf.233f391b072afbbdb29dd6923278c462.jpg, 0, 0, 0, 0, 1, 0, 0, 0, 0, 0, 0, 0, 0, 0, 0, 0, 0
znak0580-_jpg.rf.2358344fb77126e3b649842805aa3d9d.jpg, 0, 0, 0, 0, 0, 0, 0, 0, 0, 1, 0, 0, 0, 0, 0, 0, 0
pedestrain_15_jpeg.rf.237bac25574bcda336830bf3ebfaf9c3.jpg, 0, 1, 0, 0, 0, 0, 0, 0, 0, 0, 0, 0, 0, 0, 0, 0, 0
no_entry-22_jpg.rf.23b69a2cfc034f121cdd876b883f53c9.jpg, 0, 0, 0, 0, 0, 0, 0, 0, 0, 0, 0, 0, 0, 1, 0, 0, 0
2023-03-14-09-45-48_mp4-27_jpg.rf.23bd9a5ad3d2fffe146f5dc91c478f42.jpg, 0, 0, 0, 0, 1, 0, 0, 0, 0, 0, 0, 0, 0, 0, 0, 0, 0
no_entry-34_png.rf.2496a9026a9f28606e665b3e8439bdd2.jpg, 0, 0, 0, 0, 0, 0, 0, 0, 0, 0, 0, 0, 0, 1, 0, 0, 0
50SpeedLimit_63_png.rf.240d6c9fb7be7b261ac091ab633fe417.jpg, 0, 0, 0, 0, 0, 0, 0, 0, 1, 0, 0, 0, 0, 0, 0, 0, 0
2023-03-14-00-43-28_mp4-208_jpg.rf.23b5b9bc028d611105f79e46c2212366.jpg, 0, 0, 0, 1, 0, 0, 0, 0, 0, 0, 0, 0, 0, 0, 0, 0, 0
pedestrian_crossing-50_png.rf.25925696ea14998ab847466002f89f7e.jpg, 0, 1, 0, 0, 0, 0, 0, 0, 0, 0, 0, 0, 0, 0, 0, 0, 0
2023-03-14-09-45-48_mp4-22_jpg.rf.25a68b77439364c61a1765e7735daf9d.jpg, 0, 0, 0, 0, 1, 0, 0, 0, 0, 0, 0, 0, 0, 0, 0, 0, 0
IMG_20240307_110313_jpg.rf.25f72c47e00be28df6d8dd6fd598690f.jpg, 0, 0, 0, 0, 0, 0, 0, 1, 0, 0, 0, 0, 0, 0, 0, 0, 0
2023-03-14-09-45-48_mp4-44_jpg.rf.26047e56dba3593181aabe54ccc0e400.jpg, 0, 0, 0, 0, 1, 0, 0, 0, 0, 0, 0, 0, 0, 0, 0, 0, 0
IMG_20240307_110912_jpg.rf.2646d8c442df8ec8e8c9ea157450fdfb.jpg, 0, 0, 0, 0, 0, 0, 1, 0, 0, 0, 0, 0, 0, 0, 0, 0, 0
znak0601-_jpg.rf.25cb445ff2664d24738119d541a4b339.jpg, 0, 0, 0, 0, 0, 0, 0, 0, 0, 1, 0, 0, 0, 0, 0, 0, 0
IMG_20240307_111141_jpg.rf.269233b1f4ee2ab37da883b6660a3777.jpg, 0, 0, 0, 0, 0, 0, 0, 0, 0, 0, 0, 0, 0, 1, 0, 0, 0
no_entry-56_jpg.rf.2681247ccc7d13f857b6631451feff9e.jpg, 0, 0, 0, 0, 0, 0, 0, 0, 0, 0, 0, 0, 0, 1, 0, 0, 0
50SpeedLimit_85_png.rf.2678250939d18a36b153bec47ef7d111.jpg, 0, 0, 0, 0, 0, 0, 0, 0, 1, 0, 0, 0, 0, 0, 0, 0, 0
004_0005_png.rf.27a25e8ce05b4bcf9575de8b3248b627.jpg, 0, 0, 0, 0, 0, 0, 0, 0, 1, 0, 0, 0, 0, 0, 0, 0, 0
znak1217-_png_jpg.rf.296862c2736ffb50f6ec76daa5fd3fca.jpg, 0, 0, 0, 0, 0, 0, 0, 0, 0, 1, 0, 0, 0, 0, 0, 0, 0
znak0600-_jpg.rf.271d084dbf9152fcc380a0bb8f53a21f.jpg, 0, 0, 0, 0, 0, 0, 0, 0, 0, 1, 0, 0, 0, 0, 0, 0, 0
a4lv0yjuvbf01_jpg.rf.2a05acf2f32467c2bb90b384cbaf2c46.jpg, 0, 0, 0, 0, 0, 0, 0, 0, 0, 0, 0, 1, 0, 0, 0, 0, 0
speed_50-47545_JPG.rf.27b5e5c04d88e9f3d7a2c0598a3d49ff.jpg, 0, 0, 0, 0, 0, 0, 0, 0, 1, 0, 0, 0, 0, 0, 0, 0, 0
znak0591-_jpg.rf.2d3eb96675d573e79d855b2f4465f8a3.jpg, 0, 0, 0, 0, 0, 0, 0, 0, 0, 1, 0, 0, 0, 0, 0, 0, 0
znak0425-_jpg.rf.26b45a5ec9b60dc274a1ea69216268df.jpg, 0, 0, 0, 0, 0, 0, 0, 0, 1, 0, 0, 0, 0, 0, 0, 0, 0
no_entry-2_jpg.rf.2b2d0900b571b7a72f36f056b0b870f1.jpg, 0, 0, 0, 0, 0, 0, 0, 0, 0, 0, 0, 0, 0, 1, 0, 0, 0
IMG_20240307_110145_jpg.rf.2da8b6feb3244e3117e9b03e6f3a909c.jpg, 0, 0, 0, 0, 0, 0, 1, 0, 0, 0, 0, 0, 0, 0, 0, 0, 0
znak0594-_jpg.rf.2dc9ee6f8e2055dfea4d14ba93753032.jpg, 0, 0, 0, 0, 0, 0, 0, 0, 0, 1, 0, 0, 0, 0, 0, 0, 0
2023-03-14-00-43-28_mp4-254_jpg.rf.2d9652385819f0e938b431db5701aee4.jpg, 0, 0, 0, 1, 0, 0, 0, 0, 0, 0, 0, 0, 0, 0, 0, 0, 0
IMG_20240307_110848_jpg.rf.2f9158e8f798efa230dba7e5db8320f2.jpg, 0, 0, 0, 0, 0, 0, 0, 0, 0, 0, 1, 0, 0, 0, 0, 0, 0
rotate_right_50SpeedLimit_92_png.rf.2f0878b881d1a185300de181d3963fe3.jpg, 0, 0, 0, 0, 0, 0, 0, 0, 1, 0, 0, 0, 0, 0, 0, 0, 0
IMG_20240307_111410_jpg.rf.304516fa48da4377eb9a7938ea9b5ff7.jpg, 0, 0, 0, 0, 0, 1, 0, 0, 0, 0, 0, 0, 0, 0, 0, 0, 0
No-U-turn-to-the-left19_jpg.rf.33917b2d7c9d801c78cb821abe7becdb.jpg, 0, 0, 0, 0, 1, 0, 0, 0, 0, 0, 0, 0, 0, 0, 0, 0, 0
50SpeedLimit_48_png.rf.3336910e8fa2bb6610cbb4b20c5621e5.jpg, 0, 0, 0, 0, 0, 0, 0, 0, 1, 0, 0, 0, 0, 0, 0, 0, 0
znak0596-_jpg.rf.2de6bbd41574ff041d83509ab2164181.jpg, 0, 0, 0, 0, 0, 0, 0, 0, 0, 1, 0, 0, 0, 0, 0, 0, 0
no_entry-32_png.rf.34b5e1551eaee1fbbbc190995f0fcf6e.jpg, 0, 0, 0, 0, 0, 0, 0, 0, 0, 0, 0, 0, 0, 1, 0, 0, 0
IMG_20240307_111013_jpg.rf.35043f76fd3dd1ef8805ee3ed6127524.jpg, 0, 0, 0, 0, 0, 0, 0, 0, 0, 0, 0, 0, 0, 0, 1, 0, 0
no_entry-35_png.rf.359ea57d63f4fc97b64a70bcb99a922f.jpg, 0, 0, 0, 0, 0, 0, 0, 0, 0, 0, 0, 0, 0, 1, 0, 0, 0
no_entry-14_jpg.rf.34fc911dedf8bb455fda48c5715094be.jpg, 0, 0, 0, 0, 0, 0, 0, 0, 0, 0, 0, 0, 0, 1, 0, 0, 0
znak1219-_jpg.rf.3765b135171a7727e42bba85c6ecb580.jpg, 0, 0, 0, 0, 0, 0, 0, 0, 0, 1, 0, 0, 0, 0, 0, 0, 0
IMG_20240307_110853_jpg.rf.35b489a49e8440c2803b12986fa9a1bf.jpg, 0, 0, 0, 0, 0, 0, 0, 0, 0, 0, 1, 0, 0, 0, 0, 0, 0
004_1_0018_png.rf.33f3d302bdb1b73bb9da6e0ec3197bd7.jpg, 0, 0, 0, 0, 0, 0, 0, 0, 1, 0, 0, 0, 0, 0, 0, 0, 0
No-U-turn-to-the-right7_jpg.rf.361b52d4710ef15e569646452444b913.jpg, 0, 0, 0, 0, 1, 0, 0, 0, 0, 0, 0, 0, 0, 0, 0, 0, 0
4c3738197f8b9ace5c5d0400_png.rf.38fcd4c1acb6a4b9b131530350c8d649.jpg, 0, 0, 0, 0, 0, 0, 0, 0, 0, 0, 0, 1, 0, 0, 0, 0, 0
znak0595-_jpg.rf.39be5fbe000dbc699b22064fcc500e87.jpg, 0, 0, 0, 0, 0, 0, 0, 0, 0, 1, 0, 0, 0, 0, 0, 0, 0
2023-03-14-00-43-28_mp4-200_jpg.rf.34343ea7253653a80f0501113675a022.jpg, 0, 0, 0, 1, 0, 0, 0, 0, 0, 0, 0, 0, 0, 0, 0, 0, 0
2023-03-14-09-45-48_mp4-30_jpg.rf.393dd3c6406b137b8e3553fe75f0c144.jpg, 0, 0, 0, 0, 1, 0, 0, 0, 0, 0, 0, 0, 0, 0, 0, 0, 0
znak1224-_jpg.rf.3aab4e190c6cb994adf9f5e671634769.jpg, 0, 0, 0, 0, 0, 0, 0, 0, 0, 1, 0, 0, 0, 0, 0, 0, 0
2023-03-14-09-45-48_mp4-21_jpg.rf.38931ae0d94cd39c6d170a4ce8ab6322.jpg, 0, 0, 0, 0, 1, 0, 0, 0, 0, 0, 0, 0, 0, 0, 0, 0, 0
2023-03-14-00-43-28_mp4-189_jpg.rf.3ac9c47d4fae220014db6ce5e9ca15d1.jpg, 0, 0, 0, 1, 0, 0, 0, 0, 0, 0, 0, 0, 0, 0, 0, 0, 0
znak0629-_jpg.rf.381af81688ec7aac6c290ec76124ed4c.jpg, 0, 0, 0, 0, 0, 0, 0, 0, 0, 1, 0, 0, 0, 0, 0, 0, 0
znak0625-_jpg.rf.3aba93e18b406546d94f4cce3ae87dee.jpg, 0, 0, 0, 0, 0, 0, 0, 0, 0, 1, 0, 0, 0, 0, 0, 0, 0
IMG_20240307_110112_jpg.rf.3b7416733133653f53b7f8f3e62d4f50.jpg, 0, 0, 0, 0, 0, 0, 0, 0, 0, 0, 0, 1, 0, 0, 0, 0, 0
znak0582-_jpg.rf.3bfad4a3afd787784a04d60b2292e323.jpg, 0, 0, 0, 0, 0, 0, 0, 0, 0, 1, 0, 0, 0, 0, 0, 0, 0
50SpeedLimit_121_png.rf.3ca37530f7000b07544d991903d2b7e9.jpg, 0, 0, 0, 0, 0, 0, 0, 0, 1, 0, 0, 0, 0, 0, 0, 0, 0
IMG_20240307_111251_jpg.rf.3dc54df1545e2711a0009e3f29c4b6f5.jpg, 0, 0, 0, 0, 0, 0, 0, 0, 0, 0, 0, 0, 0, 1, 0, 0, 0
znak0610-_jpg.rf.3d60285ca8ab4bd37a1c9ba40364d231.jpg, 0, 0, 0, 0, 0, 0, 0, 0, 0, 1, 0, 0, 0, 0, 0, 0, 0
znak1211-_jpg.rf.3bb36aec8c7fc2c0bbf2e4b5e3250e53.jpg, 0, 0, 0, 0, 0, 0, 0, 0, 0, 1, 0, 0, 0, 0, 0, 0, 0
image-23-_jpg.rf.3e8cddcbfd74ff8b40ce00eb54ee669e.jpg, 0, 0, 0, 0, 0, 0, 0, 0, 0, 0, 0, 0, 0, 0, 0, 0, 1
znak0579-_jpg.rf.3ff72c019ca076df754e2d7e2cd30d70.jpg, 0, 0, 0, 0, 0, 0, 0, 0, 0, 1, 0, 0, 0, 0, 0, 0, 0
no_entry-51_png.rf.3e4d5395f0895ce4398be20c500e1925.jpg, 0, 0, 0, 0, 0, 0, 0, 0, 0, 0, 0, 0, 0, 1, 0, 0, 0
pedestrian_crossing-65_jpg.rf.3edee14b7f83e30625f9151366522956.jpg, 0, 1, 0, 0, 0, 0, 0, 0, 0, 0, 0, 0, 0, 0, 0, 0, 0
no_entry-28_jpg.rf.3f82277292a989a4e453aa46ce6619b5.jpg, 0, 0, 0, 0, 0, 0, 0, 0, 0, 0, 0, 0, 0, 1, 0, 0, 0
6f7c9d53-7d3d-4ccc-aadd-d2ce2bbffc0a_1140x641_png.rf.3ec67d29aa549b63317f1b26bf9e4fb2.jpg, 0, 0, 0, 0, 0, 0, 0, 0, 0, 0, 0, 1, 0, 0, 0, 0, 0
50SpeedLimit_71_png.rf.3eec94d982d65bc86a74e91f65489821.jpg, 0, 0, 0, 0, 0, 0, 0, 0, 1, 0, 0, 0, 0, 0, 0, 0, 0
no_entry-55_png.rf.3fb3478ec761bd1e3dd1b56976d01339.jpg, 0, 0, 0, 0, 0, 0, 0, 0, 0, 0, 0, 0, 0, 1, 0, 0, 0
IMG_20240307_110846-2_jpg.rf.440b513d55a2421b0c86802a6dba21fc.jpg, 0, 0, 0, 0, 0, 0, 0, 0, 0, 0, 1, 0, 0, 0, 0, 0, 0
2023-03-14-00-43-28_mp4-271_jpg.rf.4232b2a42921d3d1c8d3d21dd045b66c.jpg, 0, 0, 0, 1, 0, 0, 0, 0, 0, 0, 0, 0, 0, 0, 0, 0, 0
no_entry-15_jpg.rf.3cef833ce51baf2639779658a04751ed.jpg, 0, 0, 0, 0, 0, 0, 0, 0, 0, 0, 0, 0, 0, 1, 0, 0, 0
004_0016_png.rf.4425da1cbe2fa06633d29325e378b5c7.jpg, 0, 0, 0, 0, 0, 0, 0, 0, 1, 0, 0, 0, 0, 0, 0, 0, 0
attention-enfants-triangle-base-700mm-classe-1_jpg.rf.43276bcd07358298c283c28c020bc1c5.jpg, 0, 0, 1, 0, 0, 0, 0, 0, 0, 0, 0, 0, 0, 0, 0, 0, 0
znak0626-_jpg.rf.45c0fd96f652cecb0363a951485ef97b.jpg, 0, 0, 0, 0, 0, 0, 0, 0, 0, 1, 0, 0, 0, 0, 0, 0, 0
znak0633-_jpg.rf.40ed882bdc5fcfb1d692f70a223866bc.jpg, 0, 0, 0, 0, 0, 0, 0, 0, 0, 1, 0, 0, 0, 0, 0, 0, 0
No-U-turn-to-the-left15_jpg.rf.462821008680a878e1244d12f1d13f4f.jpg, 0, 0, 0, 0, 1, 0, 0, 0, 0, 0, 0, 0, 0, 0, 0, 0, 0
znak0588-_jpg.rf.46ebc286ae24c120a757beb022d3dc8b.jpg, 0, 0, 0, 0, 0, 0, 0, 0, 0, 1, 0, 0, 0, 0, 0, 0, 0
znak1225-_jpg.rf.4610af58a2023f22d64667fbf658633a.jpg, 0, 0, 0, 0, 0, 0, 0, 0, 0, 1, 0, 0, 0, 0, 0, 0, 0
2023-03-14-09-45-48_mp4-34_jpg.rf.48867b98e6134f0fd84dd0197013f3d7.jpg, 0, 0, 0, 0, 1, 0, 0, 0, 0, 0, 0, 0, 0, 0, 0, 0, 0
IMG_20240307_111344_jpg.rf.455cf6d71502ba979781c65b17d401fa.jpg, 0, 0, 0, 0, 0, 0, 0, 0, 0, 0, 1, 0, 0, 0, 0, 0, 0
6_png.rf.46081f569da4f78a11cbdc97b8200bc7.jpg, 0, 0, 0, 0, 0, 0, 0, 0, 0, 1, 0, 0, 0, 0, 0, 0, 0
50SpeedLimit_117_png.rf.48e19bd5c6d344bc5417d334be2254c8.jpg, 0, 0, 0, 0, 0, 0, 0, 0, 1, 0, 0, 0, 0, 0, 0, 0, 0
znak0632-_jpg.rf.44428594f9b6feb8ed2cd3bea17b8fc5.jpg, 0, 0, 0, 0, 0, 0, 0, 0, 0, 1, 0, 0, 0, 0, 0, 0, 0
IMG_20240307_110509_jpg.rf.479bf5d751cce2c89f2c85d999be3ad7.jpg, 0, 0, 0, 0, 0, 0, 0, 0, 0, 0, 0, 1, 0, 0, 0, 0, 0
2023-03-14-00-43-28_mp4-210_jpg.rf.4776fd7062e2628be64c514e74c2d25f.jpg, 0, 0, 0, 1, 0, 0, 0, 0, 0, 0, 0, 0, 0, 0, 0, 0, 0
telecharge-3-_png.rf.47326d01cc2404b72c9cdbebfd54fa34.jpg, 1, 0, 0, 0, 0, 0, 0, 0, 0, 0, 0, 0, 0, 0, 0, 0, 0
znak0605-_jpg.rf.4a60dee8498fb61c7d2f888b2b0adb92.jpg, 0, 0, 0, 0, 0, 0, 0, 0, 0, 1, 0, 0, 0, 0, 0, 0, 0
IMG_20240307_111245_jpg.rf.4ac6e7192b9262fc481431b9574bd3c6.jpg, 0, 0, 0, 0, 0, 0, 0, 0, 0, 0, 0, 0, 1, 0, 1, 0, 0
20180322_144246_s_jpg.rf.4a1f063779f69baf6e98dee85e31cd0a.jpg, 0, 0, 0, 0, 0, 0, 0, 0, 0, 0, 0, 1, 0, 0, 0, 0, 0
znak0577-_jpg.rf.4a45a963379e0eb38ebdb1bd1bcaa87e.jpg, 0, 0, 0, 0, 0, 0, 0, 0, 0, 1, 0, 0, 0, 0, 0, 0, 0
znak0576-_jpg.rf.49007f441625705c6e4ed69485ae0dbf.jpg, 0, 0, 0, 0, 0, 0, 0, 0, 0, 1, 0, 0, 0, 0, 0, 0, 0
telecharge-8-_jpg.rf.4bdc77cb3e9470ecc785336f852f9854.jpg, 0, 0, 1, 0, 0, 0, 0, 0, 0, 0, 0, 0, 0, 0, 0, 0, 0
2023-03-14-00-43-28_mp4-288_jpg.rf.4b41218e9a6b4036d960c762d387ca0d.jpg, 0, 0, 0, 1, 0, 0, 0, 0, 0, 0, 0, 0, 0, 0, 0, 0, 0
IMG_20240307_111420_jpg.rf.4c86fe43c3fd6098c2f64b146d2a42ef.jpg, 0, 0, 0, 0, 0, 0, 0, 0, 0, 0, 1, 0, 0, 0, 0, 0, 0
004_0025_png.rf.4c948fd6e9bac74df84ed5ac0509fee3.jpg, 0, 0, 0, 0, 0, 0, 0, 0, 1, 0, 0, 0, 0, 0, 0, 0, 0
2023-03-14-00-43-28_mp4-234_jpg.rf.4bee487b9497e6e4796a5d92cfdbdbff.jpg, 0, 0, 0, 1, 0, 0, 0, 0, 0, 0, 0, 0, 0, 0, 0, 0, 0
2023-03-14-09-45-48_mp4-15_jpg.rf.4eb392d664c5dbffe75170e451cc0a72.jpg, 0, 0, 0, 0, 1, 0, 0, 0, 0, 0, 0, 0, 0, 0, 0, 0, 0
pedestrian_crossing-31_png.rf.4f8121eccd0167a8a0807527cb6c1e57.jpg, 0, 1, 0, 0, 0, 0, 0, 0, 0, 0, 0, 0, 0, 0, 0, 0, 0
IMG_20240307_110952_jpg.rf.4f7c2aaf6b1d2662a3aaa6f37456adfa.jpg, 0, 0, 0, 0, 0, 0, 0, 0, 0, 0, 1, 0, 0, 0, 0, 0, 0
image-118-_jpg.rf.5004b84146bcd9d85f5ad53e807020e8.jpg, 0, 0, 0, 0, 0, 0, 0, 0, 0, 0, 0, 0, 0, 1, 0, 0, 0
004_1_0035_png.rf.4cab4d56d5dc62a56afc012880b01cd3.jpg, 0, 0, 0, 0, 0, 0, 0, 0, 1, 0, 0, 0, 0, 0, 0, 0, 0
no_entry-41_png.rf.514bbfc5aa1fdaceff89350d130d3b55.jpg, 0, 0, 0, 0, 0, 0, 0, 0, 0, 0, 0, 0, 0, 1, 0, 0, 0
2023-03-14-09-45-48_mp4-63_jpg.rf.520c443bb0a8f7e905dcf360d72f42a5.jpg, 0, 0, 0, 0, 1, 0, 0, 0, 0, 0, 0, 0, 0, 0, 0, 0, 0
images-2-_jpg.rf.53e370da8ede735efdadbb38f1185f4f.jpg, 0, 0, 0, 0, 0, 0, 0, 0, 0, 0, 0, 0, 0, 0, 0, 1, 0
IMG_20240307_111235_jpg.rf.551a2b9aecb950dfe12b2b5bdba876c8.jpg, 0, 0, 0, 0, 0, 0, 0, 0, 0, 0, 0, 0, 1, 0, 1, 0, 0
IMG_20240307_110508_jpg.rf.53701ee12e338ef60d6b174f9efe742b.jpg, 0, 0, 0, 0, 0, 0, 0, 0, 0, 0, 0, 1, 0, 0, 0, 0, 0
znak0612-_jpg.rf.54a627e0bcaacf4a60c026e48258ee25.jpg, 0, 0, 0, 0, 0, 0, 0, 0, 0, 1, 0, 0, 0, 0, 0, 0, 0
2023-03-14-09-45-48_mp4-29_jpg.rf.530416ce2c83db1d74777c0b703a4ea1.jpg, 0, 0, 0, 0, 1, 0, 0, 0, 0, 0, 0, 0, 0, 0, 0, 0, 0
znak1214-_jpg.rf.519470171e57d3fc38441ea8aae9c60b.jpg, 0, 0, 0, 0, 0, 0, 0, 0, 0, 1, 0, 0, 1, 0, 0, 0, 0
znak1220-_jpg.rf.51e3a29fd285c1ba4fa021bdab70f25d.jpg, 0, 0, 0, 0, 0, 0, 0, 0, 0, 1, 0, 0, 0, 0, 0, 0, 0
znak0621-_jpg.rf.55365f33da71bf799b7f48a9e1233d7c.jpg, 0, 0, 0, 0, 0, 0, 0, 0, 0, 1, 0, 0, 0, 0, 0, 0, 0
IMG_20240307_111010_jpg.rf.57212e47e08e23c535fb5ee931b03e99.jpg, 0, 0, 0, 0, 0, 0, 0, 0, 0, 0, 0, 0, 0, 0, 1, 0, 0
IMG_20240307_111016_1_jpg.rf.55f983e0ab4f8d2ed27d66b5b65c75c8.jpg, 0, 0, 0, 0, 0, 0, 0, 0, 0, 0, 1, 0, 0, 0, 0, 0, 0
50SpeedLimit_94_png.rf.57b2d5800d168116408f961a5f98fb09.jpg, 0, 0, 0, 0, 0, 0, 0, 0, 1, 0, 0, 0, 0, 0, 0, 0, 0
IMG_20240307_110146_jpg.rf.55c60c2f463924eb2de503f5c2cab12b.jpg, 0, 0, 0, 0, 0, 0, 1, 0, 0, 0, 0, 0, 0, 0, 0, 0, 0
images-13-Copie_jpg.rf.56d30b17a93d3d0fc29a546bdebd8bfc.jpg, 1, 0, 0, 0, 0, 0, 0, 0, 0, 0, 0, 0, 0, 0, 0, 0, 0
no_entry-24_jpg.rf.54a9372f62dd1f8de314dddd0736e5f4.jpg, 0, 0, 0, 0, 0, 0, 0, 0, 0, 0, 0, 0, 0, 1, 0, 0, 0
telecharge_jpg.rf.57f0979f251e64fd3b38c1b4c9203818.jpg, 0, 0, 0, 1, 0, 0, 0, 0, 0, 0, 0, 0, 0, 0, 0, 0, 0
50SpeedLimit_103_png.rf.5880a3cb5a5ab4a5cf0af2e2b2a83ad6.jpg, 0, 0, 0, 0, 0, 0, 0, 0, 1, 0, 0, 0, 0, 0, 0, 0, 0
znak1219-_jpg.rf.595acd7f810459bb382821a0cb7a3b4e.jpg, 0, 0, 0, 0, 0, 0, 0, 0, 0, 1, 0, 0, 0, 0, 0, 0, 0
2023-03-14-09-45-48_mp4-38_jpg.rf.587521248e28f44f63194d6dd78fe739.jpg, 0, 0, 0, 0, 1, 0, 0, 0, 0, 0, 0, 0, 0, 0, 0, 0, 0
image-72-_jpg.rf.58d3056ee217ef3322ffb0bb5cfa49f6.jpg, 0, 0, 0, 0, 0, 0, 0, 0, 0, 0, 0, 0, 0, 1, 0, 0, 0
IMG_20240307_110638_jpg.rf.57b2f6ba7505ae2aeb61b46260a38085.jpg, 0, 0, 0, 0, 0, 0, 0, 0, 0, 0, 0, 1, 0, 0, 0, 0, 0
IMG_20240307_111016_jpg.rf.5a1980b6630d4f5528522bf27a8f8601.jpg, 0, 0, 0, 0, 0, 0, 0, 0, 0, 0, 1, 0, 0, 0, 0, 0, 0
50SpeedLimit_96_png.rf.5b8195c1eec9b94ea875032c7eea934c.jpg, 0, 0, 0, 0, 0, 0, 0, 0, 1, 0, 0, 0, 0, 0, 0, 0, 0
telecharge_png.rf.5b41b63145086dd5a6a0aac252819510.jpg, 0, 0, 0, 0, 0, 0, 0, 0, 0, 0, 0, 0, 0, 0, 0, 1, 0
znak0423-_jpg.rf.5af75bd2b1deea853158e023eae5456c.jpg, 0, 0, 0, 0, 0, 0, 0, 0, 1, 0, 0, 0, 0, 0, 0, 0, 0
2023-03-14-09-45-48_mp4-40_jpg.rf.5b573fe6cf935160c179ae936a4fcfab.jpg, 0, 0, 0, 0, 1, 0, 0, 0, 0, 0, 0, 0, 0, 0, 0, 0, 0
2023-03-14-00-43-28_mp4-297_jpg.rf.5e11d63278a5215f68f2e86fc05b1808.jpg, 0, 0, 0, 1, 0, 0, 0, 0, 0, 0, 0, 0, 0, 0, 0, 0, 0
004_0008_png.rf.5e447220539ba358ef786f8dc7f3903e.jpg, 0, 0, 0, 0, 0, 0, 0, 0, 1, 0, 0, 0, 0, 0, 0, 0, 0
znak0641-_jpg.rf.5e92407ce12f59f817aefcf13917c413.jpg, 0, 0, 0, 0, 0, 0, 0, 0, 0, 1, 0, 0, 0, 0, 0, 0, 0
znak0619-_jpg.rf.5e4c637f43e4f1c2dd25039305727728.jpg, 0, 0, 0, 0, 0, 0, 0, 0, 0, 1, 0, 0, 0, 0, 0, 0, 0
IMG_20240307_111118_jpg.rf.5eb20e89ed26708b6c0bc47271864fa6.jpg, 0, 0, 0, 0, 0, 0, 0, 0, 0, 0, 0, 0, 0, 0, 1, 0, 0
4_png.rf.5c7e44df055148f9f60dfb37b5fd3c7c.jpg, 0, 0, 0, 0, 0, 0, 0, 0, 0, 1, 0, 0, 0, 0, 0, 0, 0
speed_50-47503_JPG.rf.5b4c15cf4b5340a3fdceabbf728041e6.jpg, 0, 0, 0, 0, 0, 0, 0, 0, 1, 0, 0, 0, 0, 0, 0, 0, 0
2023-03-14-09-45-48_mp4-50_jpg.rf.5e76993bf0b822c9e547a73e7bc8b87b.jpg, 0, 0, 0, 0, 1, 0, 0, 0, 0, 0, 0, 0, 0, 0, 0, 0, 0
znak1218-_jpg.rf.5f5f76cc57a5ffc8ccd95f2f82862856.jpg, 0, 0, 0, 0, 0, 0, 0, 0, 0, 1, 0, 0, 0, 0, 0, 0, 0
50SpeedLimit_124_png.rf.5f81cc379790ab735ecd684bac18c1f5.jpg, 0, 0, 0, 0, 0, 0, 0, 0, 1, 0, 0, 0, 0, 0, 0, 0, 0
IMG_20240307_111116_jpg.rf.5edd6fbd15bd54f85102972563fd4549.jpg, 0, 0, 0, 0, 0, 0, 0, 0, 0, 0, 0, 0, 0, 0, 1, 0, 0
20230202-125213-vandalismi_jpg.rf.601f3cee5ed7701a95bd49a05f9c8cb2.jpg, 0, 0, 0, 0, 0, 0, 0, 0, 0, 0, 0, 1, 0, 0, 0, 0, 0
pedestrian_crossing-62_jpg.rf.60f1b713b28bdcb9fe5d8163a6b0a4c7.jpg, 0, 1, 0, 0, 0, 0, 0, 0, 0, 0, 0, 0, 0, 0, 0, 0, 0
No-U-turn-to-the-right10_jpg.rf.5faadc4b685b9c51150f17ca33f2931b.jpg, 0, 0, 0, 0, 1, 0, 0, 0, 0, 0, 0, 0, 0, 0, 0, 0, 0
znak0617-_jpg.rf.628796444c45363dfcd4bb4eac316929.jpg, 0, 0, 0, 0, 0, 0, 0, 0, 0, 1, 0, 0, 0, 0, 0, 0, 0
IMG_20240307_111353_jpg.rf.606795a91f7553234993bf74edf51ad4.jpg, 0, 0, 0, 0, 0, 0, 0, 0, 0, 0, 0, 0, 0, 1, 0, 0, 0
2023-03-14-09-45-48_mp4-54_jpg.rf.61dd4978392722e488257ce5f48df07c.jpg, 0, 0, 0, 0, 1, 0, 0, 0, 0, 0, 0, 0, 0, 0, 0, 0, 0
pedestrian_crossing-47_png.rf.63161f80d772e5e5c54dc8586e4cd787.jpg, 0, 1, 0, 0, 0, 0, 0, 0, 0, 0, 0, 0, 0, 0, 0, 0, 0
pedestrain_14_jpeg.rf.640a4975a543984c0f66921195c52da6.jpg, 0, 1, 0, 0, 0, 0, 0, 0, 0, 0, 0, 0, 0, 0, 0, 0, 0
2023-03-14-00-43-28_mp4-233_jpg.rf.63cc7adb025597890195815c7776cc7d.jpg, 0, 0, 0, 1, 0, 0, 0, 0, 0, 0, 0, 0, 0, 0, 0, 0, 0
telecharge_png.rf.62ef608ac4913818d28fecc97bdd02d4.jpg, 0, 0, 0, 1, 0, 0, 0, 0, 0, 0, 0, 0, 0, 0, 0, 0, 0
50SpeedLimit_108_png.rf.60f8fada0a2fc93a21119c873f0255e6.jpg, 0, 0, 0, 0, 0, 0, 0, 0, 1, 0, 0, 0, 0, 0, 0, 0, 0
no_entry-19_jpg.rf.658f778d219f1e3f26e92266c544cbfb.jpg, 0, 0, 0, 0, 0, 0, 0, 0, 0, 0, 0, 0, 0, 1, 0, 0, 0
telecharge-2-_png.rf.613e805ca5f49e4f114ac525698edd75.jpg, 1, 0, 0, 0, 0, 0, 0, 0, 0, 0, 0, 0, 0, 0, 0, 0, 0